"date","year","month","day","mm_9am","mm_noon","mm_3pm","mm_9pm"
"1816-01-01",1816,1,1,778.04,776.62,775.79,775.12
"1816-01-02",1816,1,2,771.52,770.02,769.12,768.29
"1816-01-03",1816,1,3,768.59,768.22,768.37,771.52
"1816-01-04",1816,1,4,776.09,776.02,775.72,776.02
"1816-01-05",1816,1,5,772.87,771.67,771.07,771.14
"1816-01-06",1816,1,6,768.59,765.22,762.51,761.09
"1816-01-07",1816,1,7,761.69,762.74,763.71,765.52
"1816-01-08",1816,1,8,765.22,762.59,760.04,757.64
"1816-01-09",1816,1,9,754.26,756.29,757.34,757.71
"1816-01-10",1816,1,10,753.59,754.79,755.91,757.04
"1816-01-11",1816,1,11,745.19,745.11,747.06,748.49
"1816-01-12",1816,1,12,756.21,756.51,756.44,751.26
"1816-01-13",1816,1,13,742.56,738.59,737.54,746.24
"1816-01-14",1816,1,14,748.86,749.54,749.91,752.69
"1816-01-15",1816,1,15,753.29,751.34,749.61,748.64
"1816-01-16",1816,1,16,760.11,762.44,763.49,763.79
"1816-01-17",1816,1,17,756.74,754.94,757.04,NA
"1816-01-18",1816,1,18,764.01,763.71,762.29,762.36
"1816-01-19",1816,1,19,761.46,761.01,760.19,759.06
"1816-01-20",1816,1,20,755.54,754.64,753.74,752.61
"1816-01-21",1816,1,21,750.06,749.31,749.01,749.84
"1816-01-22",1816,1,22,751.94,751.86,751.56,751.56
"1816-01-23",1816,1,23,751.64,751.26,749.54,749.76
"1816-01-24",1816,1,24,745.79,744.36,742.64,742.86
"1816-01-25",1816,1,25,741.36,742.71,743.09,743.76
"1816-01-26",1816,1,26,746.84,747.36,748.26,749.84
"1816-01-27",1816,1,27,753.89,754.56,755.09,757.49
"1816-01-28",1816,1,28,763.86,765.52,766.94,769.79
"1816-01-29",1816,1,29,774.29,775.12,774.97,775.57
"1816-01-30",1816,1,30,776.92,776.84,776.47,776.62
"1816-01-31",1816,1,31,775.34,773.47,772.12,769.64
"1816-02-01",1816,2,1,765.82,765.22,764.24,763.11
"1816-02-02",1816,2,2,759.44,758.69,757.71,756.66
"1816-02-03",1816,2,3,756.96,757.64,757.34,757.79
"1816-02-04",1816,2,4,756.21,755.09,754.04,753.81
"1816-02-05",1816,2,5,753.96,753.44,752.76,751.71
"1816-02-06",1816,2,6,745.64,745.19,742.41,740.69
"1816-02-07",1816,2,7,737.16,734.99,735.36,740.54
"1816-02-08",1816,2,8,744.74,746.84,749.16,753.51
"1816-02-09",1816,2,9,755.69,754.79,754.19,756.06
"1816-02-10",1816,2,10,759.36,759.36,759.21,761.09
"1816-02-11",1816,2,11,763.49,763.86,763.71,765.29
"1816-02-12",1816,2,12,770.84,771.89,772.57,774.97
"1816-02-13",1816,2,13,775.42,774.67,773.77,773.54
"1816-02-15",1816,2,15,776.77,776.24,775.12,773.84
"1816-02-16",1816,2,16,768.89,767.54,764.39,761.31
"1816-02-17",1816,2,17,761.76,761.69,761.54,762.36
"1816-02-18",1816,2,18,766.94,767.32,766.04,762.96
"1816-02-19",1816,2,19,764.54,765.59,766.27,768.52
"1816-02-20",1816,2,20,770.39,770.32,769.87,769.64
"1816-02-21",1816,2,21,770.77,770.77,770.09,771.14
"1816-02-22",1816,2,22,772.19,772.64,771.89,772.79
"1816-02-23",1816,2,23,774.52,773.92,772.79,773.02
"1816-02-24",1816,2,24,773.09,772.87,772.19,772.79
"1816-02-25",1816,2,25,772.94,771.89,770.39,769.27
"1816-02-26",1816,2,26,768.14,769.79,769.34,770.02
"1816-02-27",1816,2,27,767.24,764.46,760.26,756.89
"1816-02-28",1816,2,28,759.29,760.04,759.89,762.14
"1816-02-29",1816,2,29,763.64,763.49,762.96,763.34
"1816-03-01",1816,3,1,763.94,764.16,763.49,763.56
"1816-03-02",1816,3,2,758.69,756.29,753.36,748.26
"1816-03-03",1816,3,3,747.51,750.21,749.46,748.86
"1816-03-04",1816,3,4,752.69,752.91,751.56,749.91
"1816-03-05",1816,3,5,749.24,749.91,749.31,744.74
"1816-03-06",1816,3,6,746.69,746.31,744.36,747.06
"1816-03-07",1816,3,7,748.94,749.39,749.24,750.81
"1816-03-08",1816,3,8,745.64,743.84,742.79,743.46
"1816-03-09",1816,3,9,746.46,748.26,749.39,753.59
"1816-03-10",1816,3,10,757.19,758.46,759.66,NA
"1816-03-11",1816,3,11,769.12,768.89,767.99,766.87
"1816-03-12",1816,3,12,763.71,763.56,762.96,762.29
"1816-03-13",1816,3,13,763.26,764.46,764.92,766.79
"1816-03-14",1816,3,14,765.52,764.54,762.36,759.59
"1816-03-15",1816,3,15,759.96,759.59,759.51,763.04
"1816-03-16",1816,3,16,763.94,761.84,759.06,756.81
"1816-03-17",1816,3,17,759.51,760.94,760.71,759.14
"1816-03-18",1816,3,18,759.21,757.71,755.24,757.79
"1816-03-19",1816,3,19,759.21,758.84,758.54,759.36
"1816-03-20",1816,3,20,761.39,761.69,761.61,762.36
"1816-03-21",1816,3,21,765.37,766.04,765.89,766.87
"1816-03-22",1816,3,22,766.87,766.34,765.59,766.87
"1816-03-23",1816,3,23,768.97,768.89,768.67,769.72
"1816-03-24",1816,3,24,771.67,769.94,768.89,768.07
"1816-03-25",1816,3,25,764.39,763.56,762.51,763.41
"1816-03-26",1816,3,26,765.67,765.52,764.54,765.89
"1816-03-27",1816,3,27,767.24,766.42,765.37,765.37
"1816-03-28",1816,3,28,765.82,765.59,765.29,766.12
"1816-03-29",1816,3,29,767.62,767.32,766.87,768.07
"1816-03-30",1816,3,30,769.72,769.49,768.74,769.04
"1816-03-31",1816,3,31,770.62,770.17,769.12,768.82
"1816-04-01",1816,4,1,767.02,765.29,763.34,761.76
"1816-04-02",1816,4,2,760.11,759.06,758.16,758.09
"1816-04-03",1816,4,3,758.84,758.84,758.76,760.94
"1816-04-04",1816,4,4,763.49,762.96,762.14,763.26
"1816-04-05",1816,4,5,763.04,761.31,758.99,757.71
"1816-04-06",1816,4,6,754.71,753.51,752.16,751.34
"1816-04-07",1816,4,7,747.96,747.89,746.84,746.31
"1816-04-08",1816,4,8,744.51,743.84,742.86,741.89
"1816-04-09",1816,4,9,740.31,740.46,739.64,742.56
"1816-04-10",1816,4,10,745.79,747.29,748.19,NA
"1816-04-11",1816,4,11,750.36,751.34,752.69,755.31
"1816-04-12",1816,4,12,758.16,758.76,758.69,759.36
"1816-04-13",1816,4,13,759.29,759.51,758.69,758.09
"1816-04-14",1816,4,14,754.79,753.44,752.16,753.66
"1816-04-15",1816,4,15,759.29,759.14,758.99,759.89
"1816-04-16",1816,4,16,758.99,757.79,756.81,755.76
"1816-04-17",1816,4,17,753.96,753.21,752.61,753.06
"1816-04-18",1816,4,18,755.76,755.76,755.24,755.54
"1816-04-19",1816,4,19,760.34,761.84,763.56,767.17
"1816-04-20",1816,4,20,769.27,767.69,765.67,763.34
"1816-04-21",1816,4,21,758.09,758.01,758.09,758.39
"1816-04-22",1816,4,22,757.49,756.89,756.51,757.26
"1816-04-23",1816,4,23,758.09,757.94,757.64,758.76
"1816-04-24",1816,4,24,757.26,756.66,756.21,756.96
"1816-04-25",1816,4,25,759.06,758.54,758.24,760.64
"1816-04-26",1816,4,26,762.89,762.59,761.99,761.91
"1816-04-27",1816,4,27,762.36,761.61,760.79,760.71
"1816-04-28",1816,4,28,758.99,760.04,758.91,758.99
"1816-04-29",1816,4,29,755.69,754.94,754.11,754.19
"1816-04-30",1816,4,30,753.44,753.21,753.29,755.24
"1816-05-01",1816,5,1,758.31,758.39,757.94,757.79
"1816-05-02",1816,5,2,759.14,759.59,759.74,763.71
"1816-05-03",1816,5,3,768.67,768.74,768.59,768.89
"1816-05-04",1816,5,4,769.12,769.49,769.19,769.27
"1816-05-05",1816,5,5,767.09,765.29,763.19,762.89
"1816-05-06",1816,5,6,763.04,763.79,764.61,766.42
"1816-05-07",1816,5,7,765.82,764.77,763.49,761.99
"1816-05-08",1816,5,8,758.91,757.56,756.36,752.24
"1816-05-09",1816,5,9,752.24,754.64,755.24,757.71
"1816-05-10",1816,5,10,757.26,754.41,750.06,750.74
"1816-05-11",1816,5,11,747.36,747.81,750.51,752.69
"1816-05-12",1816,5,12,749.84,750.44,750.96,753.66
"1816-05-13",1816,5,13,756.44,756.81,756.81,759.36
"1816-05-14",1816,5,14,763.34,763.56,763.41,763.79
"1816-05-15",1816,5,15,763.26,763.19,762.89,763.11
"1816-05-16",1816,5,16,760.94,760.19,758.84,758.16
"1816-05-17",1816,5,17,756.66,756.06,755.01,754.71
"1816-05-18",1816,5,18,755.84,755.99,755.61,757.34
"1816-05-19",1816,5,19,757.71,758.54,757.94,758.84
"1816-05-20",1816,5,20,759.96,759.29,758.46,759.14
"1816-05-21",1816,5,21,758.46,757.49,756.74,756.66
"1816-05-22",1816,5,22,756.59,756.14,755.61,756.29
"1816-05-23",1816,5,23,757.49,757.94,758.09,759.29
"1816-05-24",1816,5,24,759.96,760.19,760.04,760.94
"1816-05-25",1816,5,25,762.14,762.44,761.69,763.11
"1816-05-26",1816,5,26,768.37,769.27,769.34,769.64
"1816-05-27",1816,5,27,767.17,766.34,765.89,766.34
"1816-05-28",1816,5,28,767.54,767.47,767.62,767.77
"1816-05-29",1816,5,29,766.57,765.37,764.16,764.09
"1816-05-30",1816,5,30,763.79,763.64,763.11,762.89
"1816-05-31",1816,5,31,760.64,760.64,760.26,761.46
"1816-06-01",1816,6,1,764.69,764.92,765.14,766.12
"1816-06-02",1816,6,2,766.04,765.37,764.84,764.92
"1816-06-03",1816,6,3,765.44,765.14,764.54,766.04
"1816-06-04",1816,6,4,766.49,765.97,764.92,763.94
"1816-06-05",1816,6,5,762.96,761.84,759.89,757.34
"1816-06-06",1816,6,6,758.91,759.51,760.34,759.59
"1816-06-07",1816,6,7,761.09,760.49,759.44,757.49
"1816-06-08",1816,6,8,755.61,754.94,753.96,753.29
"1816-06-09",1816,6,9,751.56,750.36,749.54,750.81
"1816-06-10",1816,6,10,753.74,755.01,756.14,760.11
"1816-06-11",1816,6,11,763.19,763.64,763.71,765.59
"1816-06-12",1816,6,12,767.24,767.09,766.94,767.47
"1816-06-13",1816,6,13,766.64,765.74,764.77,764.24
"1816-06-14",1816,6,14,763.04,762.06,760.79,760.86
"1816-06-15",1816,6,15,760.94,761.39,760.79,762.21
"1816-06-16",1816,6,16,763.64,763.34,763.41,764.39
"1816-06-17",1816,6,17,765.29,764.09,763.71,764.09
"1816-06-18",1816,6,18,763.34,763.04,762.74,761.01
"1816-06-19",1816,6,19,764.92,765.22,765.44,766.34
"1816-06-20",1816,6,20,766.72,765.97,765.37,765.52
"1816-06-21",1816,6,21,765.22,764.69,764.39,764.92
"1816-06-22",1816,6,22,765.22,764.77,763.94,763.11
"1816-06-23",1816,6,23,762.14,761.61,760.41,760.26
"1816-06-24",1816,6,24,761.24,761.24,761.46,761.84
"1816-06-25",1816,6,25,762.14,762.06,762.06,763.04
"1816-06-26",1816,6,26,761.39,760.11,758.84,754.94
"1816-06-27",1816,6,27,751.94,752.69,753.81,757.71
"1816-06-28",1816,6,28,761.91,762.66,763.56,764.84
"1816-06-29",1816,6,29,765.97,765.59,764.77,764.16
"1816-06-30",1816,6,30,762.59,761.09,760.19,758.76
"1816-07-01",1816,7,1,756.59,756.74,756.81,758.91
"1816-07-02",1816,7,2,761.54,760.94,760.64,760.64
"1816-07-03",1816,7,3,760.71,761.01,761.16,762.74
"1816-07-04",1816,7,4,763.34,762.44,761.46,760.34
"1816-07-05",1816,7,5,758.31,758.76,759.06,761.61
"1816-07-06",1816,7,6,762.51,761.99,761.09,760.56
"1816-07-07",1816,7,7,758.99,758.16,756.96,756.74
"1816-07-08",1816,7,8,757.64,757.11,756.21,755.84
"1816-07-09",1816,7,9,758.24,758.16,757.56,756.14
"1816-07-10",1816,7,10,755.16,755.09,754.71,755.54
"1816-07-11",1816,7,11,755.84,756.14,756.36,757.94
"1816-07-12",1816,7,12,758.16,758.16,758.24,761.54
"1816-07-13",1816,7,13,765.22,764.77,764.61,765.07
"1816-07-14",1816,7,14,763.86,762.66,761.46,759.44
"1816-07-15",1816,7,15,756.21,756.36,755.99,756.44
"1816-07-16",1816,7,16,756.51,756.29,755.69,756.29
"1816-07-17",1816,7,17,756.06,756.36,756.29,754.86
"1816-07-18",1816,7,18,756.06,756.44,756.44,757.04
"1816-07-19",1816,7,19,757.49,757.19,757.26,757.94
"1816-07-20",1816,7,20,758.46,757.19,755.91,754.49
"1816-07-21",1816,7,21,756.81,758.01,759.06,761.54
"1816-07-22",1816,7,22,762.36,762.06,761.54,760.49
"1816-07-23",1816,7,23,757.11,756.44,755.39,755.91
"1816-07-24",1816,7,24,756.36,755.99,754.56,754.41
"1816-07-25",1816,7,25,756.96,757.71,758.09,759.89
"1816-07-26",1816,7,26,762.36,763.11,763.71,765.44
"1816-07-27",1816,7,27,765.59,764.99,763.49,762.29
"1816-07-28",1816,7,28,759.89,758.54,757.64,756.74
"1816-07-29",1816,7,29,754.94,753.74,752.61,751.34
"1816-07-30",1816,7,30,752.09,752.46,753.06,752.99
"1816-07-31",1816,7,31,748.34,747.51,746.84,749.61
"1816-08-01",1816,8,1,755.84,756.44,757.94,760.86
"1816-08-02",1816,8,2,762.89,762.81,762.29,762.36
"1816-08-03",1816,8,3,763.41,763.26,762.44,762.89
"1816-08-04",1816,8,4,761.61,760.34,758.91,758.61
"1816-08-05",1816,8,5,758.24,757.64,757.04,759.51
"1816-08-06",1816,8,6,766.04,766.34,766.42,766.79
"1816-08-07",1816,8,7,766.34,765.52,764.54,763.41
"1816-08-08",1816,8,8,760.34,759.81,758.01,757.41
"1816-08-09",1816,8,9,758.76,758.76,759.14,760.19
"1816-08-10",1816,8,10,764.54,765.22,766.19,768.52
"1816-08-11",1816,8,11,770.32,769.79,769.19,769.27
"1816-08-12",1816,8,12,768.67,767.69,766.94,766.27
"1816-08-13",1816,8,13,765.07,764.31,762.96,762.29
"1816-08-14",1816,8,14,759.06,757.49,756.21,756.14
"1816-08-15",1816,8,15,755.84,755.84,754.94,755.99
"1816-08-16",1816,8,16,757.64,757.79,757.41,760.11
"1816-08-17",1816,8,17,762.96,763.11,762.59,761.24
"1816-08-18",1816,8,18,764.69,765.14,765.67,767.84
"1816-08-19",1816,8,19,768.97,769.57,768.29,769.12
"1816-08-20",1816,8,20,767.84,767.09,766.27,766.04
"1816-08-21",1816,8,21,767.99,768.14,767.84,769.87
"1816-08-22",1816,8,22,768.89,767.99,767.69,767.62
"1816-08-23",1816,8,23,767.17,766.79,766.42,766.79
"1816-08-24",1816,8,24,767.39,767.47,766.64,767.47
"1816-08-25",1816,8,25,768.44,767.99,767.39,767.84
"1816-08-26",1816,8,26,767.77,767.09,766.72,766.79
"1816-08-27",1816,8,27,767.47,766.57,765.74,766.64
"1816-08-28",1816,8,28,767.69,767.47,767.09,768.37
"1816-08-29",1816,8,29,769.19,768.22,766.87,765.97
"1816-08-30",1816,8,30,763.26,761.69,760.71,758.99
"1816-08-31",1816,8,31,747.59,743.84,741.96,742.11
"1816-09-01",1816,9,1,744.06,745.56,748.41,753.21
"1816-09-02",1816,9,2,756.81,757.71,758.61,760.79
"1816-09-03",1816,9,3,761.99,761.01,760.79,760.94
"1816-09-04",1816,9,4,758.01,756.51,754.11,756.59
"1816-09-05",1816,9,5,760.19,760.49,760.41,760.71
"1816-09-06",1816,9,6,763.79,764.61,764.16,765.29
"1816-09-07",1816,9,7,764.54,764.46,764.24,765.07
"1816-09-08",1816,9,8,763.04,762.96,762.14,762.51
"1816-09-09",1816,9,9,762.36,761.09,760.26,760.34
"1816-09-10",1816,9,10,761.24,762.21,763.04,763.94
"1816-09-11",1816,9,11,763.86,763.26,763.11,764.54
"1816-09-12",1816,9,12,768.37,768.89,768.89,770.32
"1816-09-13",1816,9,13,771.89,771.74,771.22,771.29
"1816-09-14",1816,9,14,770.92,770.24,769.64,769.19
"1816-09-15",1816,9,15,768.22,767.62,766.94,767.47
"1816-09-16",1816,9,16,766.72,765.89,764.77,764.84
"1816-09-17",1816,9,17,764.24,763.49,762.51,763.26
"1816-09-18",1816,9,18,764.46,764.16,763.79,764.69
"1816-09-19",1816,9,19,764.54,764.69,764.16,765.44
"1816-09-20",1816,9,20,764.77,764.16,762.59,761.01
"1816-09-21",1816,9,21,757.11,756.96,756.06,756.44
"1816-09-22",1816,9,22,756.74,756.96,756.29,758.31
"1816-09-23",1816,9,23,757.71,759.66,759.29,759.51
"1816-09-24",1816,9,24,760.41,761.16,761.09,763.41
"1816-09-25",1816,9,25,766.57,766.64,766.87,768.29
"1816-09-26",1816,9,26,769.57,769.79,769.42,769.94
"1816-09-27",1816,9,27,770.09,769.72,769.12,769.57
"1816-09-28",1816,9,28,770.09,769.34,768.14,768.07
"1816-09-29",1816,9,29,764.61,762.89,760.26,758.24
"1816-09-30",1816,9,30,762.44,762.44,762.44,763.79
"1816-10-01",1816,10,1,762.21,760.19,759.36,759.74
"1816-10-02",1816,10,2,761.69,761.01,759.14,758.69
"1816-10-03",1816,10,3,762.96,763.26,763.11,764.31
"1816-10-04",1816,10,4,764.46,764.46,763.86,764.54
"1816-10-05",1816,10,5,764.31,763.79,762.81,762.74
"1816-10-06",1816,10,6,762.51,761.84,760.94,760.49
"1816-10-07",1816,10,7,761.39,761.69,761.76,761.84
"1816-10-08",1816,10,8,765.07,765.37,764.92,765.44
"1816-10-09",1816,10,9,765.14,764.77,764.24,764.99
"1816-10-10",1816,10,10,765.74,765.67,765.37,766.57
"1816-10-11",1816,10,11,765.07,764.77,764.01,765.44
"1816-10-12",1816,10,12,767.09,767.02,766.87,767.24
"1816-10-13",1816,10,13,767.54,766.94,765.89,766.49
"1816-10-14",1816,10,14,768.29,768.52,767.92,769.49
"1816-10-15",1816,10,15,770.39,769.72,768.67,768.52
"1816-10-16",1816,10,16,766.34,764.61,763.04,762.74
"1816-10-17",1816,10,17,761.39,761.09,760.34,760.64
"1816-10-18",1816,10,18,759.36,760.79,760.56,763.64
"1816-10-19",1816,10,19,765.67,765.59,764.54,763.94
"1816-10-20",1816,10,20,756.06,756.96,756.29,756.14
"1816-10-21",1816,10,21,755.54,755.54,754.86,756.74
"1816-10-22",1816,10,22,759.96,760.04,759.89,761.01
"1816-10-23",1816,10,23,765.52,765.89,765.89,766.57
"1816-10-24",1816,10,24,764.69,763.04,760.49,759.51
"1816-10-25",1816,10,25,756.44,755.01,753.29,754.79
"1816-10-26",1816,10,26,758.09,757.79,757.04,755.76
"1816-10-27",1816,10,27,755.39,755.01,754.64,755.24
"1816-10-28",1816,10,28,754.64,755.01,755.84,757.56
"1816-10-29",1816,10,29,756.06,754.79,752.54,749.09
"1816-10-30",1816,10,30,747.44,746.99,745.41,744.74
"1816-10-31",1816,10,31,748.64,748.71,748.56,749.69
"1816-11-01",1816,11,1,748.04,747.59,747.66,751.41
"1816-11-02",1816,11,2,753.14,752.31,750.81,750.74
"1816-11-03",1816,11,3,753.06,753.51,753.21,754.49
"1816-11-04",1816,11,4,755.01,755.09,754.64,756.51
"1816-11-05",1816,11,5,759.51,759.21,758.16,756.21
"1816-11-06",1816,11,6,749.46,750.06,752.39,754.04
"1816-11-07",1816,11,7,749.31,748.34,748.41,751.11
"1816-11-08",1816,11,8,753.81,754.04,753.74,753.36
"1816-11-09",1816,11,9,745.19,744.06,743.39,744.66
"1816-11-10",1816,11,10,748.86,751.34,753.81,757.26
"1816-11-11",1816,11,11,761.16,762.96,763.56,760.19
"1816-11-12",1816,11,12,750.14,751.64,754.64,760.79
"1816-11-13",1816,11,13,762.96,763.11,762.81,763.56
"1816-11-14",1816,11,14,760.64,759.66,758.84,755.99
"1816-11-15",1816,11,15,754.34,754.04,753.14,753.74
"1816-11-16",1816,11,16,759.66,759.66,759.89,762.36
"1816-11-17",1816,11,17,765.59,766.94,766.87,767.99
"1816-11-18",1816,11,18,766.42,765.29,763.56,760.79
"1816-11-19",1816,11,19,762.96,763.49,764.09,766.42
"1816-11-20",1816,11,20,768.74,768.67,768.44,768.97
"1816-11-21",1816,11,21,767.39,766.12,764.46,762.89
"1816-11-22",1816,11,22,759.06,758.24,756.89,756.66
"1816-11-23",1816,11,23,756.81,757.34,757.71,759.36
"1816-11-24",1816,11,24,762.74,763.41,763.34,765.44
"1816-11-25",1816,11,25,766.94,766.87,766.64,767.47
"1816-11-26",1816,11,26,767.77,767.69,767.24,NA
"1816-11-27",1816,11,27,774.37,774.89,775.42,776.99
"1816-11-28",1816,11,28,777.52,777.22,776.77,777.29
"1816-11-29",1816,11,29,777.59,777.29,776.47,777.07
"1816-11-30",1816,11,30,778.27,778.19,778.27,779.39
"1816-12-01",1816,12,1,779.92,779.69,779.32,779.62
"1816-12-02",1816,12,2,778.27,778.87,776.84,776.69
"1816-12-03",1816,12,3,776.09,775.72,775.04,775.34
"1816-12-04",1816,12,4,774.74,774.37,773.54,773.32
"1816-12-05",1816,12,5,771.22,769.79,767.62,763.11
"1816-12-06",1816,12,6,759.59,759.36,758.39,755.01
"1816-12-07",1816,12,7,755.31,757.19,758.01,759.29
"1816-12-08",1816,12,8,758.46,758.99,759.29,761.09
"1816-12-09",1816,12,9,761.91,760.86,758.46,756.66
"1816-12-10",1816,12,10,755.99,757.26,758.91,756.96
"1816-12-11",1816,12,11,753.74,751.56,751.49,757.86
"1816-12-12",1816,12,12,755.76,752.61,746.84,745.56
"1816-12-13",1816,12,13,747.66,750.21,751.49,751.64
"1816-12-14",1816,12,14,755.39,756.21,757.41,754.19
"1816-12-15",1816,12,15,746.54,747.51,747.29,750.36
"1816-12-16",1816,12,16,755.16,755.84,756.14,757.94
"1816-12-17",1816,12,17,755.46,752.91,751.64,753.21
"1816-12-18",1816,12,18,750.96,751.11,751.11,753.89
"1816-12-19",1816,12,19,764.54,765.74,765.89,767.17
"1816-12-20",1816,12,20,774.44,774.44,774.14,775.04
"1816-12-21",1816,12,21,772.94,770.92,770.24,768.82
"1816-12-22",1816,12,22,767.84,767.54,768.14,770.62
"1816-12-23",1816,12,23,772.12,771.07,770.17,768.67
"1816-12-24",1816,12,24,765.29,764.61,764.01,763.41
"1816-12-25",1816,12,25,762.96,763.04,762.74,762.44
"1816-12-26",1816,12,26,761.61,760.26,758.99,758.54
"1816-12-27",1816,12,27,758.09,757.79,757.41,760.11
"1816-12-28",1816,12,28,767.39,767.39,767.09,764.54
"1816-12-29",1816,12,29,759.66,759.66,760.19,764.46
"1816-12-30",1816,12,30,765.44,764.69,763.19,762.36
"1816-12-31",1816,12,31,762.74,761.91,761.91,761.54
"1817-01-01",1817,1,1,759.51,758.99,757.79,756.44
"1817-01-02",1817,1,2,757.64,758.46,758.84,758.76
"1817-01-03",1817,1,3,760.79,761.01,760.86,763.79
"1817-01-04",1817,1,4,759.96,758.24,757.64,756.51
"1817-01-05",1817,1,5,767.47,767.24,764.84,758.54
"1817-01-06",1817,1,6,764.84,761.31,757.94,761.46
"1817-01-07",1817,1,7,771.14,772.57,773.69,776.24
"1817-01-08",1817,1,8,777.07,776.54,776.17,776.84
"1817-01-09",1817,1,9,778.57,778.94,779.02,779.92
"1817-01-10",1817,1,10,779.92,779.32,778.94,779.69
"1817-01-11",1817,1,11,778.19,776.92,775.27,773.77
"1817-01-12",1817,1,12,769.94,768.67,767.62,766.64
"1817-01-13",1817,1,13,763.56,761.54,761.46,758.99
"1817-01-14",1817,1,14,757.11,757.49,757.49,757.41
"1817-01-15",1817,1,15,745.79,741.06,738.21,744.36
"1817-01-16",1817,1,16,754.79,752.84,748.71,744.59
"1817-01-17",1817,1,17,744.66,743.61,742.71,744.59
"1817-01-18",1817,1,18,747.06,746.76,746.61,747.14
"1817-01-19",1817,1,19,743.31,740.91,739.79,740.31
"1817-01-20",1817,1,20,742.79,741.36,741.14,744.74
"1817-01-21",1817,1,21,757.94,760.11,762.51,767.69
"1817-01-22",1817,1,22,769.87,769.49,769.42,770.17
"1817-01-23",1817,1,23,768.29,767.62,767.54,768.82
"1817-01-24",1817,1,24,772.49,773.84,774.22,776.62
"1817-01-25",1817,1,25,776.92,776.47,776.09,776.09
"1817-01-26",1817,1,26,774.14,773.17,771.74,771.89
"1817-01-27",1817,1,27,774.29,774.44,773.99,774.89
"1817-01-28",1817,1,28,774.44,773.62,772.87,773.02
"1817-01-29",1817,1,29,774.44,774.07,773.99,775.04
"1817-01-30",1817,1,30,774.07,773.24,772.49,772.87
"1817-01-31",1817,1,31,774.59,774.97,775.04,776.54
"1817-02-01",1817,2,1,777.67,777.67,776.39,778.12
"1817-02-02",1817,2,2,778.04,777.52,776.62,777.14
"1817-02-03",1817,2,3,775.72,774.89,773.47,772.12
"1817-02-04",1817,2,4,767.62,766.34,764.31,762.81
"1817-02-05",1817,2,5,763.71,764.99,765.59,768.37
"1817-02-06",1817,2,6,769.27,769.64,770.24,772.34
"1817-02-07",1817,2,7,774.74,774.74,774.82,775.87
"1817-02-08",1817,2,8,776.54,776.84,775.64,776.39
"1817-02-09",1817,2,9,776.84,776.77,776.24,776.54
"1817-02-10",1817,2,10,774.22,773.09,770.69,769.04
"1817-02-11",1817,2,11,762.59,762.06,761.91,764.46
"1817-02-12",1817,2,12,757.79,754.71,755.09,760.56
"1817-02-13",1817,2,13,765.29,764.16,762.96,762.36
"1817-02-14",1817,2,14,753.89,755.61,758.46,764.54
"1817-02-15",1817,2,15,761.69,758.61,757.34,758.39
"1817-02-16",1817,2,16,761.69,762.66,763.56,766.57
"1817-02-17",1817,2,17,768.97,768.74,768.67,770.24
"1817-02-18",1817,2,18,773.17,773.17,772.04,771.97
"1817-02-19",1817,2,19,772.04,772.27,771.74,772.12
"1817-02-20",1817,2,20,765.89,764.54,762.51,759.89
"1817-02-21",1817,2,21,761.46,760.41,758.84,755.99
"1817-02-22",1817,2,22,757.71,758.91,759.89,763.19
"1817-02-23",1817,2,23,767.09,767.17,766.19,763.71
"1817-02-24",1817,2,24,762.29,763.49,764.01,766.57
"1817-02-25",1817,2,25,769.19,769.12,768.37,768.59
"1817-02-26",1817,2,26,763.11,763.04,764.24,767.47
"1817-02-27",1817,2,27,761.99,760.56,760.11,763.04
"1817-02-28",1817,2,28,765.44,764.54,764.39,764.92
"1817-03-01",1817,3,1,764.09,763.41,761.84,761.24
"1817-03-02",1817,3,2,762.29,762.14,760.64,757.11
"1817-03-03",1817,3,3,758.01,757.11,755.24,748.56
"1817-03-04",1817,3,4,752.46,750.66,749.39,752.01
"1817-03-05",1817,3,5,750.81,751.94,752.61,754.41
"1817-03-06",1817,3,6,743.39,742.94,745.34,750.74
"1817-03-07",1817,3,7,749.54,751.11,752.01,752.61
"1817-03-08",1817,3,8,743.46,746.54,749.16,755.76
"1817-03-09",1817,3,9,754.79,756.14,756.59,761.09
"1817-03-10",1817,3,10,766.57,766.87,767.17,770.02
"1817-03-11",1817,3,11,772.49,772.87,772.04,771.67
"1817-03-12",1817,3,12,769.19,767.99,766.34,766.34
"1817-03-13",1817,3,13,766.79,767.02,766.49,767.62
"1817-03-14",1817,3,14,769.72,769.72,769.72,770.77
"1817-03-15",1817,3,15,772.27,771.89,770.92,770.84
"1817-03-16",1817,3,16,769.64,768.97,768.29,768.89
"1817-03-17",1817,3,17,771.37,771.22,770.77,771.89
"1817-03-18",1817,3,18,772.94,771.97,770.09,769.49
"1817-03-19",1817,3,19,764.92,764.09,762.51,761.91
"1817-03-20",1817,3,20,760.26,759.96,759.59,760.34
"1817-03-21",1817,3,21,758.76,759.81,759.81,762.06
"1817-03-22",1817,3,22,764.24,764.01,763.71,764.99
"1817-03-23",1817,3,23,765.67,765.29,765.22,766.57
"1817-03-24",1817,3,24,766.57,766.12,765.14,764.69
"1817-03-25",1817,3,25,762.36,761.39,761.09,764.77
"1817-03-26",1817,3,26,768.37,767.09,765.22,764.61
"1817-03-27",1817,3,27,766.27,766.57,767.47,769.64
"1817-03-28",1817,3,28,768.37,767.09,766.49,766.19
"1817-03-29",1817,3,29,767.09,766.64,766.34,767.69
"1817-03-30",1817,3,30,770.47,770.77,770.09,771.59
"1817-03-31",1817,3,31,774.52,776.02,777.44,780.29
"1817-04-01",1817,4,1,779.92,778.94,777.07,776.54
"1817-04-02",1817,4,2,773.69,772.64,771.67,772.04
"1817-04-03",1817,4,3,772.64,772.12,771.52,771.59
"1817-04-04",1817,4,4,772.49,771.89,770.99,771.22
"1817-04-05",1817,4,5,771.74,771.07,770.09,770.84
"1817-04-06",1817,4,6,772.19,771.67,770.84,767.24
"1817-04-07",1817,4,7,774.29,773.54,772.34,772.79
"1817-04-08",1817,4,8,771.07,769.42,767.54,765.74
"1817-04-10",1817,4,10,764.92,764.92,765.89,769.04
"1817-04-11",1817,4,11,771.82,771.59,771.14,771.52
"1817-04-12",1817,4,12,769.49,767.99,766.42,766.12
"1817-04-13",1817,4,13,766.87,NA,766.94,768.59
"1817-04-14",1817,4,14,766.64,765.89,765.44,766.49
"1817-04-15",1817,4,15,766.19,765.37,764.46,764.69
"1817-04-16",1817,4,16,760.04,758.76,761.01,764.92
"1817-04-17",1817,4,17,767.54,767.54,767.77,770.47
"1817-04-18",1817,4,18,773.54,773.54,773.69,775.27
"1817-04-19",1817,4,19,776.69,775.72,774.67,774.97
"1817-04-20",1817,4,20,773.99,773.69,773.17,774.52
"1817-04-21",1817,4,21,774.52,773.69,772.57,772.42
"1817-04-22",1817,4,22,772.27,771.37,770.17,770.24
"1817-04-23",1817,4,23,768.89,767.77,767.69,768.37
"1817-04-24",1817,4,24,769.64,768.82,767.62,768.44
"1817-04-25",1817,4,25,767.69,766.49,766.34,766.57
"1817-04-26",1817,4,26,765.82,764.99,764.09,764.01
"1817-04-27",1817,4,27,760.04,762.21,763.49,767.17
"1817-04-28",1817,4,28,770.17,769.87,768.97,770.24
"1817-04-29",1817,4,29,767.02,765.89,764.46,NA
"1817-04-30",1817,4,30,760.41,759.29,758.46,759.51
"1817-05-01",1817,5,1,759.89,759.89,759.81,761.61
"1817-05-02",1817,5,2,762.59,762.29,761.76,762.89
"1817-05-03",1817,5,3,763.41,762.44,761.54,761.99
"1817-05-04",1817,5,4,763.86,763.64,763.79,766.19
"1817-05-05",1817,5,5,768.59,768.14,767.47,768.07
"1817-05-06",1817,5,6,769.27,768.52,768.52,768.97
"1817-05-07",1817,5,7,768.74,767.47,764.69,763.86
"1817-05-08",1817,5,8,762.29,760.71,759.21,759.06
"1817-05-09",1817,5,9,757.11,756.44,755.69,756.21
"1817-05-10",1817,5,10,755.91,755.46,754.64,753.74
"1817-05-11",1817,5,11,755.01,756.14,756.81,757.64
"1817-05-12",1817,5,12,755.31,755.16,755.24,756.74
"1817-05-13",1817,5,13,763.04,762.81,762.44,759.51
"1817-05-14",1817,5,14,761.24,760.94,760.26,762.51
"1817-05-15",1817,5,15,762.66,762.59,762.59,764.39
"1817-05-16",1817,5,16,764.31,764.09,763.64,762.14
"1817-05-17",1817,5,17,761.91,761.61,761.01,759.74
"1817-05-18",1817,5,18,754.86,754.04,752.01,751.86
"1817-05-19",1817,5,19,751.64,750.81,751.49,752.54
"1817-05-20",1817,5,20,752.91,752.69,751.19,751.34
"1817-05-21",1817,5,21,756.96,756.29,756.06,755.24
"1817-05-22",1817,5,22,755.24,754.56,754.49,755.84
"1817-05-23",1817,5,23,755.16,753.96,752.31,751.56
"1817-05-24",1817,5,24,753.66,753.96,753.66,752.91
"1817-05-25",1817,5,25,748.71,747.66,746.46,746.46
"1817-05-26",1817,5,26,747.81,748.34,748.56,749.54
"1817-05-27",1817,5,27,753.36,754.26,754.49,756.59
"1817-05-28",1817,5,28,757.71,757.64,756.96,757.64
"1817-05-29",1817,5,29,757.34,756.74,756.44,757.34
"1817-05-30",1817,5,30,760.41,760.56,761.24,762.89
"1817-05-31",1817,5,31,762.66,762.21,761.54,760.94
"1817-06-01",1817,6,1,759.81,759.44,759.21,760.71
"1817-06-02",1817,6,2,761.91,762.06,761.84,761.46
"1817-06-03",1817,6,3,761.99,763.04,762.81,762.59
"1817-06-04",1817,6,4,762.21,764.01,765.14,767.99
"1817-06-05",1817,6,5,771.29,770.62,769.64,768.82
"1817-06-06",1817,6,6,768.52,769.19,767.62,767.17
"1817-06-07",1817,6,7,764.84,763.19,761.91,758.91
"1817-06-08",1817,6,8,761.84,762.14,762.44,764.69
"1817-06-09",1817,6,9,767.24,766.49,765.74,764.92
"1817-06-10",1817,6,10,763.71,762.44,763.41,766.04
"1817-06-11",1817,6,11,768.29,767.69,766.42,765.59
"1817-06-12",1817,6,12,762.14,761.39,760.64,761.24
"1817-06-13",1817,6,13,755.99,753.66,751.56,753.36
"1817-06-14",1817,6,14,759.81,760.49,761.01,764.46
"1817-06-15",1817,6,15,769.27,770.17,770.24,772.19
"1817-06-16",1817,6,16,772.42,771.74,770.62,769.72
"1817-06-17",1817,6,17,765.44,763.19,761.39,759.29
"1817-06-18",1817,6,18,757.19,756.81,756.21,756.81
"1817-06-19",1817,6,19,758.39,758.39,757.94,758.46
"1817-06-21",1817,6,21,761.69,762.21,762.89,764.24
"1817-06-22",1817,6,22,765.22,764.46,763.19,762.96
"1817-06-23",1817,6,23,761.54,761.09,760.11,762.21
"1817-06-24",1817,6,24,763.41,763.19,762.51,763.34
"1817-06-25",1817,6,25,764.54,763.86,762.59,762.44
"1817-06-26",1817,6,26,760.49,759.44,757.86,756.59
"1817-06-27",1817,6,27,754.41,753.51,753.89,755.84
"1817-06-28",1817,6,28,759.96,761.61,762.06,764.24
"1817-06-29",1817,6,29,764.61,763.41,761.91,760.94
"1817-06-30",1817,6,30,760.49,761.84,761.31,762.44
"1817-07-01",1817,7,1,760.71,759.14,757.86,758.46
"1817-07-02",1817,7,2,763.34,764.16,764.77,766.04
"1817-07-03",1817,7,3,764.46,762.96,760.94,758.09
"1817-07-04",1817,7,4,759.96,759.06,758.09,758.01
"1817-07-05",1817,7,5,757.64,757.64,758.09,760.94
"1817-07-06",1817,7,6,762.74,762.14,761.76,761.84
"1817-07-07",1817,7,7,762.44,762.21,761.54,761.91
"1817-07-08",1817,7,8,764.16,763.94,763.26,763.11
"1817-07-09",1817,7,9,762.44,761.61,761.16,760.94
"1817-07-10",1817,7,10,760.19,759.89,759.44,759.66
"1817-07-11",1817,7,11,762.06,762.29,761.69,762.66
"1817-07-12",1817,7,12,762.59,762.44,762.59,764.92
"1817-07-13",1817,7,13,766.57,765.97,765.14,763.79
"1817-07-14",1817,7,14,761.84,760.71,759.29,758.91
"1817-07-15",1817,7,15,750.96,749.46,749.01,748.26
"1817-07-16",1817,7,16,755.09,756.74,758.16,761.09
"1817-07-17",1817,7,17,763.11,763.41,764.54,763.19
"1817-07-18",1817,7,18,759.29,759.51,762.96,762.89
"1817-07-19",1817,7,19,764.16,763.94,764.01,765.59
"1817-07-20",1817,7,20,766.34,766.42,766.57,766.94
"1817-07-21",1817,7,21,766.19,765.74,764.61,763.94
"1817-07-22",1817,7,22,762.06,761.99,761.76,763.04
"1817-07-23",1817,7,23,764.01,763.94,764.92,766.12
"1817-07-24",1817,7,24,767.39,767.32,767.17,767.69
"1817-07-25",1817,7,25,768.07,767.24,766.79,767.09
"1817-07-26",1817,7,26,765.37,763.49,761.84,759.96
"1817-07-27",1817,7,27,760.26,760.64,760.79,763.19
"1817-07-28",1817,7,28,766.57,766.72,766.34,767.39
"1817-07-29",1817,7,29,768.07,767.24,765.74,763.86
"1817-07-30",1817,7,30,761.84,761.09,760.19,761.84
"1817-07-31",1817,7,31,762.89,762.59,761.24,761.46
"1817-08-01",1817,8,1,762.29,761.91,761.46,761.99
"1817-08-02",1817,8,2,763.94,764.31,764.24,765.67
"1817-08-03",1817,8,3,764.09,763.79,764.09,763.71
"1817-08-04",1817,8,4,763.41,763.11,762.44,762.81
"1817-08-05",1817,8,5,764.31,764.31,764.54,766.42
"1817-08-06",1817,8,6,766.64,766.04,764.77,764.54
"1817-08-07",1817,8,7,762.66,761.46,760.41,NA
"1817-08-08",1817,8,8,757.86,758.01,758.54,762.36
"1817-08-09",1817,8,9,764.01,764.24,763.94,764.69
"1817-08-10",1817,8,10,765.44,764.92,764.77,764.69
"1817-08-11",1817,8,11,763.41,761.54,759.06,756.14
"1817-08-12",1817,8,12,754.64,755.09,755.01,755.16
"1817-08-13",1817,8,13,756.21,756.74,758.24,761.69
"1817-08-14",1817,8,14,762.21,761.54,760.19,759.74
"1817-08-15",1817,8,15,763.94,764.01,763.94,765.07
"1817-08-16",1817,8,16,763.19,759.59,758.01,757.49
"1817-08-17",1817,8,17,764.09,764.69,763.94,765.22
"1817-08-18",1817,8,18,764.09,767.09,766.49,766.04
"1817-08-19",1817,8,19,763.11,762.14,760.26,759.59
"1817-08-20",1817,8,20,759.21,758.39,757.41,756.89
"1817-08-21",1817,8,21,759.51,759.44,759.81,762.21
"1817-08-22",1817,8,22,765.82,766.19,766.19,NA
"1817-08-23",1817,8,23,765.67,764.24,763.11,762.81
"1817-08-25",1817,8,25,753.21,751.26,749.54,749.09
"1817-08-26",1817,8,26,746.76,745.34,745.26,746.24
"1817-08-27",1817,8,27,748.04,749.16,751.49,NA
"1817-08-28",1817,8,28,759.74,760.56,760.94,762.29
"1817-08-29",1817,8,29,760.71,761.69,762.21,763.71
"1817-08-30",1817,8,30,765.44,764.99,764.39,765.14
"1817-08-31",1817,8,31,763.41,763.26,763.94,764.92
"1817-09-01",1817,9,1,766.64,766.34,765.67,765.82
"1817-09-02",1817,9,2,764.24,763.26,762.36,763.04
"1817-09-03",1817,9,3,763.04,762.59,762.59,763.56
"1817-09-04",1817,9,4,766.12,766.19,766.19,768.29
"1817-09-05",1817,9,5,769.19,768.59,767.62,767.69
"1817-09-06",1817,9,6,767.77,767.09,766.19,767.02
"1817-09-07",1817,9,7,766.64,767.02,764.61,764.46
"1817-09-08",1817,9,8,763.86,763.19,762.36,762.96
"1817-09-09",1817,9,9,764.61,764.46,764.01,766.34
"1817-09-10",1817,9,10,764.54,764.61,764.01,NA
"1817-09-11",1817,9,11,766.94,766.19,765.22,765.74
"1817-09-12",1817,9,12,764.61,763.79,763.11,764.31
"1817-09-13",1817,9,13,764.24,763.94,763.04,762.21
"1817-09-14",1817,9,14,761.01,760.79,760.64,762.21
"1817-09-15",1817,9,15,764.69,764.99,764.92,765.97
"1817-09-16",1817,9,16,766.19,765.44,764.39,764.46
"1817-09-17",1817,9,17,763.04,761.69,759.06,757.56
"1817-09-18",1817,9,18,754.64,754.49,754.49,757.41
"1817-09-19",1817,9,19,763.94,764.54,764.69,766.42
"1817-09-20",1817,9,20,767.24,766.57,765.67,765.59
"1817-09-21",1817,9,21,764.16,762.96,761.46,761.24
"1817-09-22",1817,9,22,759.06,758.39,757.34,757.86
"1817-09-23",1817,9,23,758.91,759.66,759.74,761.91
"1817-09-24",1817,9,24,764.31,764.61,763.79,763.49
"1817-09-25",1817,9,25,759.66,758.39,756.96,756.36
"1817-09-26",1817,9,26,753.21,751.34,752.99,755.84
"1817-09-27",1817,9,27,755.99,755.69,754.56,755.46
"1817-09-28",1817,9,28,762.21,762.81,763.11,765.59
"1817-09-29",1817,9,29,767.54,767.39,766.42,765.89
"1817-09-30",1817,9,30,761.46,761.84,762.14,761.99
"1817-10-01",1817,10,1,758.39,757.19,755.84,759.36
"1817-10-02",1817,10,2,765.59,766.04,766.04,767.99
"1817-10-03",1817,10,3,766.87,766.19,765.07,766.27
"1817-10-04",1817,10,4,767.39,767.32,766.94,767.69
"1817-10-05",1817,10,5,768.89,768.59,768.59,769.79
"1817-10-06",1817,10,6,768.74,767.47,766.79,767.09
"1817-10-07",1817,10,7,766.12,765.59,764.92,766.12
"1817-10-08",1817,10,8,765.07,764.39,763.56,763.34
"1817-10-09",1817,10,9,762.44,761.84,760.79,761.31
"1817-10-10",1817,10,10,760.86,760.64,760.34,760.86
"1817-10-11",1817,10,11,761.91,761.54,761.46,763.41
"1817-10-12",1817,10,12,763.71,763.11,762.51,764.39
"1817-10-13",1817,10,13,769.27,769.94,769.79,770.39
"1817-10-14",1817,10,14,770.84,769.79,768.82,768.29
"1817-10-16",1817,10,16,761.24,761.69,761.76,763.79
"1817-10-17",1817,10,17,764.46,763.34,761.76,761.61
"1817-10-18",1817,10,18,761.09,761.54,761.84,761.46
"1817-10-19",1817,10,19,762.74,762.81,762.66,763.79
"1817-10-20",1817,10,20,764.99,764.54,763.86,764.24
"1817-10-21",1817,10,21,762.89,762.66,761.69,761.84
"1817-10-22",1817,10,22,761.61,761.46,760.64,761.54
"1817-10-23",1817,10,23,761.01,761.09,761.24,761.84
"1817-10-24",1817,10,24,761.84,761.84,761.31,761.91
"1817-10-25",1817,10,25,761.54,761.46,761.24,761.69
"1817-10-26",1817,10,26,761.39,761.16,760.71,759.66
"1817-10-27",1817,10,27,759.21,759.96,758.46,756.74
"1817-10-28",1817,10,28,755.99,755.76,755.09,757.56
"1817-10-29",1817,10,29,760.04,758.91,758.09,759.96
"1817-10-30",1817,10,30,757.56,755.61,754.04,756.51
"1817-10-31",1817,10,31,760.71,759.21,759.89,766.04
"1817-11-01",1817,11,1,775.79,776.24,776.84,777.22
"1817-11-02",1817,11,2,775.04,774.67,773.84,773.92
"1817-11-03",1817,11,3,773.62,772.94,772.79,771.14
"1817-11-04",1817,11,4,770.02,769.34,767.84,767.09
"1817-11-05",1817,11,5,765.97,765.82,765.29,765.67
"1817-11-06",1817,11,6,765.82,765.29,764.16,764.09
"1817-11-07",1817,11,7,762.51,760.56,759.36,757.56
"1817-11-08",1817,11,8,757.79,758.16,757.79,759.81
"1817-11-09",1817,11,9,762.74,763.71,764.31,767.09
"1817-11-10",1817,11,10,767.77,768.89,767.99,766.87
"1817-11-11",1817,11,11,762.74,762.14,761.69,762.44
"1817-11-12",1817,11,12,762.06,760.49,757.79,758.24
"1817-11-13",1817,11,13,762.44,762.66,761.84,760.26
"1817-11-14",1817,11,14,757.49,757.26,756.06,755.16
"1817-11-15",1817,11,15,752.46,754.86,758.46,761.84
"1817-11-16",1817,11,16,765.97,766.57,767.17,770.32
"1817-11-17",1817,11,17,773.69,774.22,773.92,774.97
"1817-11-18",1817,11,18,774.52,774.22,773.54,774.82
"1817-11-19",1817,11,19,777.07,777.14,776.99,778.04
"1817-11-20",1817,11,20,778.19,777.67,776.77,775.27
"1817-11-21",1817,11,21,768.07,766.12,764.31,765.52
"1817-11-22",1817,11,22,768.67,769.12,768.67,769.27
"1817-11-23",1817,11,23,769.64,769.27,768.07,767.77
"1817-11-24",1817,11,24,765.37,764.84,763.04,762.06
"1817-11-25",1817,11,25,762.59,763.49,764.54,768.59
"1817-11-26",1817,11,26,769.79,769.64,769.64,771.67
"1817-11-27",1817,11,27,773.24,772.87,772.49,773.02
"1817-11-28",1817,11,28,772.42,771.82,770.84,770.39
"1817-11-29",1817,11,29,769.27,769.34,768.07,768.89
"1817-11-30",1817,11,30,769.64,769.19,768.89,768.67
"1817-12-01",1817,12,1,767.62,767.09,765.44,763.71
"1817-12-02",1817,12,2,758.24,755.39,753.14,750.36
"1817-12-03",1817,12,3,752.01,752.61,752.54,754.19
"1817-12-04",1817,12,4,760.79,761.91,763.19,765.22
"1817-12-05",1817,12,5,764.61,764.69,763.34,761.31
"1817-12-06",1817,12,6,756.51,753.96,751.64,753.14
"1817-12-07",1817,12,7,754.19,753.51,752.39,750.21
"1817-12-08",1817,12,8,737.31,737.24,735.59,733.19
"1817-12-09",1817,12,9,739.56,741.81,744.21,746.91
"1817-12-10",1817,12,10,748.64,749.16,749.76,751.79
"1817-12-12",1817,12,12,760.26,760.64,761.01,761.54
"1817-12-13",1817,12,13,760.64,760.11,759.36,759.29
"1817-12-14",1817,12,14,756.89,756.59,756.06,755.54
"1817-12-15",1817,12,15,759.89,761.54,762.89,764.99
"1817-12-16",1817,12,16,767.09,766.87,766.34,764.77
"1817-12-17",1817,12,17,758.16,759.89,761.09,762.06
"1817-12-18",1817,12,18,745.49,744.44,744.21,743.16
"1817-12-19",1817,12,19,741.36,740.61,740.54,741.89
"1817-12-20",1817,12,20,745.86,748.11,751.56,755.91
"1817-12-21",1817,12,21,753.96,752.46,750.96,751.26
"1817-12-22",1817,12,22,751.71,750.44,751.04,751.64
"1817-12-23",1817,12,23,752.54,750.66,750.44,751.94
"1817-12-24",1817,12,24,753.29,753.21,753.89,757.11
"1817-12-25",1817,12,25,761.69,762.59,762.96,760.34
"1817-12-26",1817,12,26,769.04,769.42,769.72,771.14
"1817-12-27",1817,12,27,768.82,766.87,764.77,762.51
"1817-12-28",1817,12,28,758.76,758.69,758.84,762.59
"1817-12-29",1817,12,29,769.94,771.07,771.97,771.44
"1817-12-30",1817,12,30,771.07,770.02,768.74,768.44
"1817-12-31",1817,12,31,768.29,767.47,766.19,767.54
"1818-01-01",1818,1,1,763.64,763.04,762.66,763.26
"1818-01-02",1818,1,2,761.91,760.79,759.59,758.46
"1818-01-03",1818,1,3,756.06,755.91,756.14,757.11
"1818-01-04",1818,1,4,757.04,758.54,759.81,762.59
"1818-01-05",1818,1,5,761.01,758.69,756.44,756.59
"1818-01-06",1818,1,6,763.86,765.82,768.14,772.19
"1818-01-07",1818,1,7,775.34,774.29,773.39,771.82
"1818-01-08",1818,1,8,770.32,771.37,772.49,774.44
"1818-01-09",1818,1,9,774.22,772.34,770.69,767.69
"1818-01-10",1818,1,10,766.49,765.52,765.44,765.52
"1818-01-11",1818,1,11,765.67,764.99,764.09,762.36
"1818-01-12",1818,1,12,767.39,768.67,770.92,772.34
"1818-01-13",1818,1,13,769.72,768.74,768.22,NA
"1818-01-14",1818,1,14,769.72,768.74,767.39,768.74
"1818-01-15",1818,1,15,767.54,NA,766.42,768.22
"1818-01-17",1818,1,17,763.04,765.14,765.74,767.77
"1818-01-18",1818,1,18,768.37,767.99,768.29,771.74
"1818-01-19",1818,1,19,778.49,779.17,779.09,779.84
"1818-01-20",1818,1,20,778.19,776.92,775.27,773.09
"1818-01-21",1818,1,21,769.12,769.04,769.87,772.57
"1818-01-22",1818,1,22,771.07,769.19,767.24,763.64
"1818-01-23",1818,1,23,763.94,762.21,761.84,761.91
"1818-01-24",1818,1,24,757.71,753.51,748.64,756.51
"1818-01-25",1818,1,25,764.69,766.34,767.39,768.67
"1818-01-26",1818,1,26,767.02,766.34,764.54,763.56
"1818-01-27",1818,1,27,766.34,766.57,765.67,762.81
"1818-01-28",1818,1,28,757.94,757.94,757.94,760.94
"1818-01-29",1818,1,29,764.09,762.81,760.19,753.74
"1818-01-30",1818,1,30,749.76,748.26,746.39,746.24
"1818-01-31",1818,1,31,751.04,752.01,753.81,756.89
"1818-02-01",1818,2,1,753.51,750.06,747.74,746.84
"1818-02-02",1818,2,2,740.46,735.74,735.66,741.21
"1818-02-03",1818,2,3,747.81,747.51,746.01,747.14
"1818-02-04",1818,2,4,741.81,741.21,739.19,745.19
"1818-02-05",1818,2,5,758.99,760.11,760.64,762.96
"1818-02-06",1818,2,6,764.77,764.39,763.49,763.41
"1818-02-07",1818,2,7,765.22,764.39,763.94,762.96
"1818-02-08",1818,2,8,765.29,764.61,764.16,766.04
"1818-02-09",1818,2,9,767.47,767.32,766.27,766.19
"1818-02-10",1818,2,10,765.82,766.34,766.19,767.47
"1818-02-11",1818,2,11,770.17,770.62,770.69,771.97
"1818-02-12",1818,2,12,771.74,771.22,770.47,770.24
"1818-02-13",1818,2,13,768.07,766.87,765.14,764.61
"1818-02-14",1818,2,14,762.59,762.44,761.54,762.14
"1818-02-15",1818,2,15,761.91,761.91,761.69,763.56
"1818-02-16",1818,2,16,767.02,767.84,766.34,767.24
"1818-02-17",1818,2,17,767.54,767.39,766.87,767.84
"1818-02-18",1818,2,18,768.44,768.29,767.02,767.17
"1818-02-19",1818,2,19,766.79,765.97,764.84,764.77
"1818-02-20",1818,2,20,770.02,770.54,770.02,770.02
"1818-02-21",1818,2,21,766.42,763.19,760.41,755.84
"1818-02-22",1818,2,22,747.89,745.11,742.71,740.76
"1818-02-23",1818,2,23,762.59,764.99,765.89,764.09
"1818-02-24",1818,2,24,765.07,766.79,766.87,766.12
"1818-02-25",1818,2,25,763.41,763.56,762.66,761.24
"1818-02-26",1818,2,26,754.94,755.24,756.29,762.66
"1818-02-27",1818,2,27,760.26,756.89,752.84,752.54
"1818-02-28",1818,2,28,760.11,760.86,760.26,758.54
"1818-03-01",1818,3,1,762.21,762.66,762.21,762.81
"1818-03-02",1818,3,2,763.71,763.56,762.44,763.04
"1818-03-03",1818,3,3,764.24,763.64,761.24,757.11
"1818-03-04",1818,3,4,755.24,755.76,754.56,747.06
"1818-03-05",1818,3,5,745.71,744.96,745.49,748.34
"1818-03-06",1818,3,6,753.96,754.71,755.01,757.11
"1818-03-07",1818,3,7,757.49,753.96,748.34,745.94
"1818-03-08",1818,3,8,746.24,746.84,748.71,752.61
"1818-03-09",1818,3,9,756.29,756.89,756.21,753.59
"1818-03-10",1818,3,10,754.19,752.76,751.71,752.39
"1818-03-11",1818,3,11,757.34,757.26,756.29,750.14
"1818-03-12",1818,3,12,743.69,744.81,743.99,746.76
"1818-03-13",1818,3,13,747.14,748.19,750.51,758.69
"1818-03-14",1818,3,14,765.22,765.59,764.77,764.01
"1818-03-15",1818,3,15,757.86,755.39,752.46,750.36
"1818-03-16",1818,3,16,754.04,754.34,755.24,761.01
"1818-03-17",1818,3,17,763.49,763.94,765.44,769.79
"1818-03-18",1818,3,18,771.37,770.99,769.79,769.87
"1818-03-19",1818,3,19,769.49,768.52,766.27,763.41
"1818-03-20",1818,3,20,761.31,761.54,761.54,764.31
"1818-03-21",1818,3,21,768.44,768.07,766.72,766.42
"1818-03-22",1818,3,22,764.99,764.77,764.01,763.71
"1818-03-23",1818,3,23,758.84,757.26,757.11,760.41
"1818-03-24",1818,3,24,758.99,759.89,761.24,764.46
"1818-03-25",1818,3,25,760.26,758.01,758.16,763.19
"1818-03-26",1818,3,26,761.39,756.59,750.06,749.61
"1818-03-27",1818,3,27,762.81,765.52,766.94,771.29
"1818-03-28",1818,3,28,773.92,773.47,772.87,773.39
"1818-03-29",1818,3,29,771.59,770.47,769.04,768.89
"1818-03-30",1818,3,30,770.32,770.32,770.02,771.14
"1818-03-31",1818,3,31,771.22,769.94,768.67,768.74
"1818-04-01",1818,4,1,766.72,766.04,765.07,765.82
"1818-04-02",1818,4,2,767.47,766.57,765.97,767.62
"1818-04-03",1818,4,3,770.39,770.17,770.09,771.14
"1818-04-04",1818,4,4,771.67,771.29,770.39,768.67
"1818-04-05",1818,4,5,768.07,765.89,762.89,760.26
"1818-04-06",1818,4,6,756.06,755.24,755.01,757.56
"1818-04-07",1818,4,7,759.89,759.59,758.01,757.56
"1818-04-08",1818,4,8,756.74,756.14,755.16,755.61
"1818-04-09",1818,4,9,756.06,756.21,756.81,760.26
"1818-04-10",1818,4,10,759.66,756.06,753.21,751.19
"1818-04-11",1818,4,11,750.66,749.91,750.59,753.51
"1818-04-12",1818,4,12,762.81,764.92,766.94,768.97
"1818-04-13",1818,4,13,768.52,767.02,764.92,NA
"1818-04-14",1818,4,14,756.81,756.96,757.19,759.29
"1818-04-15",1818,4,15,758.76,757.64,756.21,754.71
"1818-04-16",1818,4,16,749.46,748.19,746.76,746.91
"1818-04-17",1818,4,17,744.29,742.64,740.84,741.89
"1818-04-18",1818,4,18,745.41,746.61,747.36,750.21
"1818-04-19",1818,4,19,755.24,756.06,756.44,758.46
"1818-04-20",1818,4,20,759.44,758.24,758.46,757.64
"1818-04-22",1818,4,22,756.96,755.84,753.96,752.91
"1818-04-23",1818,4,23,751.11,750.14,749.16,748.26
"1818-04-24",1818,4,24,748.49,747.59,745.86,745.79
"1818-04-25",1818,4,25,746.91,747.66,746.24,748.49
"1818-04-26",1818,4,26,751.71,751.94,751.11,751.26
"1818-04-27",1818,4,27,754.64,755.69,756.51,757.79
"1818-04-29",1818,4,29,763.71,762.29,760.94,759.81
"1818-04-30",1818,4,30,755.09,755.01,753.96,756.89
"1818-05-01",1818,5,1,763.04,763.26,763.26,763.11
"1818-05-02",1818,5,2,761.01,758.76,756.29,754.94
"1818-05-03",1818,5,3,752.31,750.81,750.59,752.16
"1818-05-04",1818,5,4,753.21,752.99,752.16,753.29
"1818-05-05",1818,5,5,750.66,750.21,749.54,749.69
"1818-05-06",1818,5,6,750.89,750.29,750.36,750.81
"1818-05-07",1818,5,7,751.79,NA,751.79,753.89
"1818-05-08",1818,5,8,753.89,752.69,751.19,754.11
"1818-05-09",1818,5,9,758.39,758.54,758.76,761.54
"1818-05-10",1818,5,10,763.71,762.96,762.29,761.99
"1818-05-11",1818,5,11,758.99,757.79,756.96,756.66
"1818-05-12",1818,5,12,757.56,757.26,757.56,759.06
"1818-05-13",1818,5,13,756.44,755.09,752.61,754.41
"1818-05-14",1818,5,14,754.56,754.19,753.51,754.49
"1818-05-15",1818,5,15,753.89,753.59,753.66,754.04
"1818-05-16",1818,5,16,755.54,755.39,755.31,756.81
"1818-05-17",1818,5,17,758.54,758.46,758.16,759.89
"1818-05-18",1818,5,18,760.04,759.96,759.29,759.96
"1818-05-19",1818,5,19,760.94,760.86,760.04,760.71
"1818-05-20",1818,5,20,761.69,761.91,761.39,763.04
"1818-05-21",1818,5,21,764.61,764.31,764.24,765.59
"1818-05-22",1818,5,22,767.17,766.94,766.87,768.52
"1818-05-23",1818,5,23,769.72,769.19,768.29,769.27
"1818-05-24",1818,5,24,770.39,770.24,769.87,770.02
"1818-05-25",1818,5,25,769.94,769.12,768.07,767.69
"1818-05-26",1818,5,26,767.99,767.77,767.17,768.22
"1818-05-27",1818,5,27,769.19,768.07,766.94,766.87
"1818-05-28",1818,5,28,765.82,765.14,764.09,764.61
"1818-05-29",1818,5,29,763.71,763.56,763.56,762.59
"1818-05-30",1818,5,30,764.84,763.94,763.11,764.01
"1818-05-31",1818,5,31,764.39,763.64,762.74,763.71
"1818-06-01",1818,6,1,764.61,764.31,763.79,764.77
"1818-06-02",1818,6,2,765.67,765.37,764.77,765.37
"1818-06-03",1818,6,3,766.49,766.19,765.59,766.57
"1818-06-04",1818,6,4,767.84,767.77,767.47,768.14
"1818-06-05",1818,6,5,769.42,768.89,768.29,768.52
"1818-06-06",1818,6,6,769.04,768.44,767.47,767.24
"1818-06-07",1818,6,7,766.87,766.19,765.59,766.27
"1818-06-08",1818,6,8,767.77,767.54,766.94,767.32
"1818-06-09",1818,6,9,767.99,767.47,766.94,767.09
"1818-06-10",1818,6,10,768.14,767.77,766.57,766.87
"1818-06-11",1818,6,11,765.89,765.22,763.79,763.79
"1818-06-12",1818,6,12,763.71,763.34,762.29,762.21
"1818-06-13",1818,6,13,762.81,762.51,761.46,762.89
"1818-06-14",1818,6,14,764.39,764.54,763.86,765.67
"1818-06-15",1818,6,15,766.49,766.12,765.29,765.97
"1818-06-16",1818,6,16,765.82,765.37,764.46,763.34
"1818-06-17",1818,6,17,761.61,760.79,759.74,759.36
"1818-06-18",1818,6,18,758.16,758.16,756.81,758.16
"1818-06-19",1818,6,19,762.51,762.96,762.59,761.54
"1818-06-20",1818,6,20,759.74,759.66,760.04,762.51
"1818-06-21",1818,6,21,766.42,766.64,766.19,766.87
"1818-06-22",1818,6,22,765.44,764.46,763.19,761.31
"1818-06-23",1818,6,23,764.77,765.44,765.44,765.74
"1818-06-24",1818,6,24,764.39,764.77,765.74,768.52
"1818-06-25",1818,6,25,770.24,770.24,769.57,768.97
"1818-06-26",1818,6,26,768.89,768.67,768.22,NA
"1818-06-27",1818,6,27,764.01,762.51,760.56,758.84
"1818-06-28",1818,6,28,763.64,764.01,764.39,767.32
"1818-06-29",1818,6,29,769.42,769.57,769.79,770.99
"1818-06-30",1818,6,30,771.07,770.69,769.27,769.42
"1818-07-01",1818,7,1,768.14,766.94,765.82,765.14
"1818-07-02",1818,7,2,764.54,763.79,764.69,767.32
"1818-07-03",1818,7,3,770.39,769.64,769.19,768.67
"1818-07-04",1818,7,4,764.39,765.89,765.67,766.49
"1818-07-05",1818,7,5,765.29,765.14,764.39,765.52
"1818-07-06",1818,7,6,767.24,766.87,766.27,766.04
"1818-07-07",1818,7,7,763.49,762.36,760.79,760.41
"1818-07-08",1818,7,8,761.24,761.31,761.61,764.09
"1818-07-09",1818,7,9,766.57,766.87,766.87,768.29
"1818-07-10",1818,7,10,768.59,767.84,767.24,766.04
"1818-07-11",1818,7,11,764.61,763.71,762.29,760.64
"1818-07-12",1818,7,12,761.69,761.09,760.86,762.81
"1818-07-13",1818,7,13,765.44,765.59,765.59,766.72
"1818-07-14",1818,7,14,769.79,769.42,769.27,770.09
"1818-07-15",1818,7,15,770.84,770.32,769.57,770.69
"1818-07-16",1818,7,16,770.24,769.49,768.29,767.62
"1818-07-17",1818,7,17,767.39,766.64,765.89,765.52
"1818-07-19",1818,7,19,760.26,759.89,759.44,760.26
"1818-07-20",1818,7,20,761.39,761.39,760.94,762.21
"1818-07-21",1818,7,21,764.69,764.31,764.01,765.82
"1818-07-22",1818,7,22,768.07,768.07,767.47,767.62
"1818-07-23",1818,7,23,765.97,764.92,763.64,763.04
"1818-07-24",1818,7,24,761.54,760.86,762.89,759.81
"1818-07-25",1818,7,25,761.24,761.16,760.79,761.54
"1818-07-26",1818,7,26,761.24,760.41,759.51,759.96
"1818-07-27",1818,7,27,761.31,761.39,761.54,760.86
"1818-07-28",1818,7,28,768.29,768.67,768.97,770.39
"1818-07-29",1818,7,29,770.99,770.62,770.09,770.69
"1818-07-30",1818,7,30,770.09,769.87,768.89,768.82
"1818-07-31",1818,7,31,768.82,767.84,766.27,765.97
"1818-08-01",1818,8,1,765.14,765.59,765.44,767.02
"1818-08-02",1818,8,2,767.32,766.72,766.12,766.49
"1818-08-03",1818,8,3,766.94,766.27,765.37,766.12
"1818-08-04",1818,8,4,767.02,766.49,765.67,766.04
"1818-08-05",1818,8,5,766.19,765.52,764.54,764.77
"1818-08-06",1818,8,6,764.16,763.49,762.44,762.06
"1818-08-07",1818,8,7,762.74,763.26,763.19,NA
"1818-08-08",1818,8,8,766.72,765.97,764.54,763.64
"1818-08-09",1818,8,9,761.84,760.26,759.21,758.09
"1818-08-10",1818,8,10,759.81,760.86,764.84,764.01
"1818-08-11",1818,8,11,762.21,765.89,764.84,764.01
"1818-08-12",1818,8,12,762.21,761.61,760.26,761.39
"1818-08-13",1818,8,13,764.09,763.41,762.74,763.64
"1818-08-14",1818,8,14,763.34,762.74,762.36,763.34
"1818-08-15",1818,8,15,763.64,763.79,763.64,765.22
"1818-08-16",1818,8,16,765.22,766.04,765.37,766.27
"1818-08-17",1818,8,17,765.74,765.14,764.84,764.69
"1818-08-18",1818,8,18,763.34,762.66,761.39,760.56
"1818-08-19",1818,8,19,759.89,760.11,760.11,761.91
"1818-08-20",1818,8,20,765.82,765.89,766.19,767.09
"1818-08-21",1818,8,21,766.42,766.12,765.52,765.37
"1818-08-22",1818,8,22,764.99,764.69,764.54,766.79
"1818-08-23",1818,8,23,768.89,769.04,769.04,770.62
"1818-08-24",1818,8,24,771.07,770.39,768.97,768.74
"1818-08-25",1818,8,25,768.89,768.29,767.09,NA
"1818-08-26",1818,8,26,766.87,766.19,765.82,765.07
"1818-08-27",1818,8,27,763.71,763.04,762.36,762.21
"1818-08-28",1818,8,28,760.56,760.56,760.56,764.09
"1818-08-29",1818,8,29,767.17,767.32,766.42,766.12
"1818-08-30",1818,8,30,764.24,763.56,762.89,764.61
"1818-08-31",1818,8,31,765.59,764.24,761.54,760.26
"1818-09-01",1818,9,1,756.74,756.89,756.81,756.89
"1818-09-02",1818,9,2,760.79,761.09,761.16,764.24
"1818-09-03",1818,9,3,768.82,768.22,767.54,768.07
"1818-09-04",1818,9,4,768.74,767.77,766.72,766.94
"1818-09-05",1818,9,5,766.19,765.89,763.79,761.76
"1818-09-06",1818,9,6,759.29,758.61,759.66,760.34
"1818-09-07",1818,9,7,761.69,761.61,761.09,763.19
"1818-09-08",1818,9,8,763.79,763.34,762.81,762.29
"1818-09-09",1818,9,9,758.31,756.89,754.86,752.99
"1818-09-10",1818,9,10,754.79,755.91,757.34,760.79
"1818-09-11",1818,9,11,762.81,762.59,762.59,764.39
"1818-09-12",1818,9,12,765.82,765.52,765.74,767.17
"1818-09-13",1818,9,13,768.97,768.59,768.89,770.99
"1818-09-14",1818,9,14,773.39,772.79,771.67,770.39
"1818-09-15",1818,9,15,765.97,763.86,761.39,759.06
"1818-09-16",1818,9,16,758.31,758.09,758.69,759.81
"1818-09-17",1818,9,17,764.31,767.32,768.59,771.52
"1818-09-18",1818,9,18,771.29,770.32,769.12,768.82
"1818-09-19",1818,9,19,766.64,765.29,762.81,761.84
"1818-09-20",1818,9,20,758.24,757.49,756.44,756.59
"1818-09-21",1818,9,21,754.11,754.34,755.39,757.79
"1818-09-22",1818,9,22,758.54,757.64,757.94,760.26
"1818-09-23",1818,9,23,760.64,759.59,758.31,758.54
"1818-09-24",1818,9,24,758.39,758.46,758.39,757.19
"1818-09-25",1818,9,25,756.14,754.86,752.09,750.96
"1818-09-26",1818,9,26,758.09,759.29,758.84,759.21
"1818-09-27",1818,9,27,757.34,756.89,755.99,756.59
"1818-09-28",1818,9,28,757.11,756.59,755.39,755.16
"1818-09-29",1818,9,29,755.76,755.84,755.09,753.59
"1818-09-30",1818,9,30,753.89,753.29,753.21,753.96
"1818-10-01",1818,10,1,753.21,752.84,752.31,753.51
"1818-10-02",1818,10,2,755.61,756.14,755.99,758.24
"1818-10-03",1818,10,3,759.29,758.99,758.31,757.49
"1818-10-04",1818,10,4,758.46,757.94,757.11,758.46
"1818-10-05",1818,10,5,756.59,756.21,755.24,753.21
"1818-10-06",1818,10,6,751.49,751.49,750.96,751.86
"1818-10-07",1818,10,7,753.36,753.59,753.29,754.19
"1818-10-08",1818,10,8,754.34,757.19,756.66,759.29
"1818-10-09",1818,10,9,760.26,760.19,759.59,760.94
"1818-10-10",1818,10,10,760.86,759.96,759.21,759.36
"1818-10-11",1818,10,11,759.51,759.21,758.76,757.86
"1818-10-12",1818,10,12,762.14,762.89,762.89,764.46
"1818-10-13",1818,10,13,764.69,764.46,764.16,765.97
"1818-10-14",1818,10,14,766.64,765.82,764.69,765.22
"1818-10-15",1818,10,15,766.34,765.97,765.07,765.82
"1818-10-16",1818,10,16,766.64,766.27,765.82,765.22
"1818-10-17",1818,10,17,766.72,766.42,765.37,765.22
"1818-10-18",1818,10,18,765.14,764.84,764.77,765.29
"1818-10-19",1818,10,19,765.14,764.24,763.56,764.54
"1818-10-20",1818,10,20,767.62,767.09,767.54,769.12
"1818-10-21",1818,10,21,768.89,767.62,766.27,765.37
"1818-10-22",1818,10,22,763.41,762.89,761.91,762.51
"1818-10-23",1818,10,23,763.04,762.89,762.51,763.64
"1818-10-24",1818,10,24,764.92,765.14,764.77,765.29
"1818-10-25",1818,10,25,766.57,766.42,765.59,766.27
"1818-10-26",1818,10,26,767.32,767.24,766.34,767.84
"1818-10-27",1818,10,27,769.34,769.12,768.67,NA
"1818-10-28",1818,10,28,771.89,771.37,770.84,771.67
"1818-10-29",1818,10,29,773.77,774.07,773.09,773.92
"1818-10-30",1818,10,30,773.84,773.17,771.97,771.82
"1818-10-31",1818,10,31,769.87,769.04,767.32,766.64
"1818-11-01",1818,11,1,765.44,765.44,765.07,765.89
"1818-11-02",1818,11,2,765.82,764.92,763.64,763.19
"1818-11-03",1818,11,3,761.24,760.41,759.36,758.46
"1818-11-04",1818,11,4,755.61,754.26,752.84,752.46
"1818-11-05",1818,11,5,749.31,748.11,746.99,746.61
"1818-11-06",1818,11,6,749.31,750.89,752.09,755.54
"1818-11-07",1818,11,7,758.69,758.99,759.14,761.31
"1818-11-08",1818,11,8,762.14,761.84,761.61,761.91
"1818-11-09",1818,11,9,763.04,763.04,762.96,763.71
"1818-11-10",1818,11,10,763.19,762.96,762.36,762.59
"1818-11-11",1818,11,11,761.84,761.46,760.86,760.26
"1818-11-12",1818,11,12,757.34,756.59,755.76,756.36
"1818-11-13",1818,11,13,756.96,757.19,757.26,758.54
"1818-11-14",1818,11,14,760.71,760.26,759.51,760.19
"1818-11-15",1818,11,15,758.76,759.21,759.21,761.16
"1818-11-16",1818,11,16,760.04,758.16,757.34,756.89
"1818-11-17",1818,11,17,760.41,761.54,762.06,764.84
"1818-11-18",1818,11,18,767.09,767.62,767.69,768.07
"1818-11-19",1818,11,19,768.22,767.77,766.64,765.07
"1818-11-20",1818,11,20,762.06,760.71,759.14,758.16
"1818-11-21",1818,11,21,755.76,755.01,754.94,756.36
"1818-11-22",1818,11,22,758.39,758.24,758.09,758.24
"1818-11-23",1818,11,23,758.01,758.54,759.06,760.41
"1818-11-24",1818,11,24,759.06,759.59,760.64,765.14
"1818-11-25",1818,11,25,770.62,771.14,771.07,772.27
"1818-11-26",1818,11,26,773.84,774.14,773.84,774.97
"1818-11-27",1818,11,27,776.62,776.54,776.39,776.92
"1818-11-28",1818,11,28,777.14,776.47,775.79,775.42
"1818-11-29",1818,11,29,775.34,775.12,774.22,774.22
"1818-11-30",1818,11,30,772.94,773.32,772.79,772.12
"1818-12-01",1818,12,1,768.67,767.84,766.87,767.02
"1818-12-02",1818,12,2,768.29,768.22,767.32,765.29
"1818-12-03",1818,12,3,761.84,761.01,759.74,758.84
"1818-12-04",1818,12,4,754.94,754.26,753.66,754.34
"1818-12-05",1818,12,5,756.06,756.21,755.91,756.74
"1818-12-06",1818,12,6,759.21,759.36,758.09,757.71
"1818-12-07",1818,12,7,757.19,757.04,756.66,758.31
"1818-12-08",1818,12,8,762.74,763.19,763.71,764.61
"1818-12-09",1818,12,9,766.87,766.27,765.97,765.67
"1818-12-10",1818,12,10,765.67,765.22,764.92,764.77
"1818-12-11",1818,12,11,765.07,764.92,764.84,765.82
"1818-12-12",1818,12,12,766.19,765.74,764.99,765.44
"1818-12-13",1818,12,13,766.87,766.49,766.19,766.49
"1818-12-14",1818,12,14,768.14,767.77,767.92,768.37
"1818-12-15",1818,12,15,768.14,767.17,766.19,765.67
"1818-12-16",1818,12,16,765.22,765.97,766.27,768.37
"1818-12-17",1818,12,17,769.34,768.14,765.89,764.69
"1818-12-18",1818,12,18,762.44,762.06,761.69,763.34
"1818-12-19",1818,12,19,771.14,772.49,772.79,774.44
"1818-12-20",1818,12,20,775.34,774.29,773.47,772.94
"1818-12-21",1818,12,21,772.79,772.64,772.94,774.74
"1818-12-22",1818,12,22,777.37,777.29,776.77,776.62
"1818-12-23",1818,12,23,774.74,773.84,773.17,773.09
"1818-12-24",1818,12,24,773.54,773.47,773.02,772.94
"1818-12-25",1818,12,25,772.42,771.22,770.24,769.04
"1818-12-26",1818,12,26,766.27,765.67,765.07,765.59
"1818-12-27",1818,12,27,768.59,768.82,769.34,771.44
"1818-12-28",1818,12,28,774.89,774.89,774.74,776.62
"1818-12-29",1818,12,29,777.82,777.44,777.37,777.89
"1818-12-30",1818,12,30,777.74,776.92,776.02,775.94
"1818-12-31",1818,12,31,776.02,776.09,774.89,776.02
"1819-01-01",1819,1,1,777.22,777.22,777.07,778.04
"1819-01-02",1819,1,2,778.04,777.44,776.77,777.14
"1819-01-03",1819,1,3,775.79,774.52,773.84,773.02
"1819-01-04",1819,1,4,774.22,773.09,772.34,772.12
"1819-01-05",1819,1,5,773.09,772.42,772.04,772.72
"1819-01-06",1819,1,6,773.09,772.34,771.37,771.22
"1819-01-07",1819,1,7,769.19,766.57,764.92,762.81
"1819-01-08",1819,1,8,766.42,766.64,763.49,762.51
"1819-01-09",1819,1,9,764.01,763.64,762.36,762.51
"1819-01-10",1819,1,10,770.77,769.57,767.62,764.84
"1819-01-11",1819,1,11,766.42,767.39,769.04,769.27
"1819-01-12",1819,1,12,774.97,774.97,774.44,773.77
"1819-01-13",1819,1,13,769.04,768.52,768.29,769.64
"1819-01-14",1819,1,14,772.04,771.29,770.99,770.32
"1819-01-15",1819,1,15,769.72,769.34,767.92,764.99
"1819-01-16",1819,1,16,774.14,775.19,775.57,774.37
"1819-01-17",1819,1,17,764.54,760.86,757.04,757.86
"1819-01-18",1819,1,18,757.04,756.81,757.34,759.74
"1819-01-19",1819,1,19,762.96,763.19,763.04,761.39
"1819-01-20",1819,1,20,757.04,758.01,758.46,757.49
"1819-01-21",1819,1,21,755.61,756.51,757.71,758.54
"1819-01-22",1819,1,22,756.96,756.74,755.99,756.51
"1819-01-23",1819,1,23,760.04,760.86,761.31,762.14
"1819-01-25",1819,1,25,758.24,756.74,754.94,754.56
"1819-01-26",1819,1,26,754.19,753.89,753.29,753.44
"1819-01-27",1819,1,27,752.39,751.86,751.26,750.66
"1819-01-28",1819,1,28,751.34,751.86,752.84,754.56
"1819-01-29",1819,1,29,753.74,752.84,752.09,750.66
"1819-01-30",1819,1,30,749.01,749.01,748.86,749.61
"1819-01-31",1819,1,31,751.34,751.41,751.86,754.04
"1819-02-01",1819,2,1,756.81,756.59,756.29,756.59
"1819-02-02",1819,2,2,756.29,756.06,755.91,757.34
"1819-02-03",1819,2,3,760.11,759.89,759.21,757.49
"1819-02-04",1819,2,4,759.81,760.79,761.24,762.89
"1819-02-05",1819,2,5,761.39,759.89,758.61,758.16
"1819-02-06",1819,2,6,760.19,760.79,760.79,760.71
"1819-02-07",1819,2,7,755.61,753.81,753.14,755.76
"1819-02-08",1819,2,8,763.19,764.39,765.22,767.69
"1819-02-09",1819,2,9,769.12,768.89,768.44,767.62
"1819-02-10",1819,2,10,765.29,765.52,767.09,770.69
"1819-02-11",1819,2,11,772.19,771.37,770.77,770.02
"1819-02-12",1819,2,12,764.46,762.21,759.36,757.04
"1819-02-13",1819,2,13,761.24,761.46,761.39,762.14
"1819-02-14",1819,2,14,765.44,765.97,766.57,768.29
"1819-02-15",1819,2,15,768.29,767.54,766.64,766.04
"1819-02-16",1819,2,16,762.81,761.54,759.89,757.86
"1819-02-17",1819,2,17,758.91,759.21,759.14,758.09
"1819-02-18",1819,2,18,758.31,759.59,760.34,759.51
"1819-02-19",1819,2,19,754.19,754.26,755.61,759.21
"1819-02-20",1819,2,20,764.09,764.16,763.79,763.04
"1819-02-21",1819,2,21,751.64,748.86,747.59,745.94
"1819-02-22",1819,2,22,754.64,757.94,760.71,764.54
"1819-02-23",1819,2,23,762.89,758.61,754.34,755.91
"1819-02-24",1819,2,24,755.01,753.74,752.76,751.71
"1819-02-25",1819,2,25,757.34,758.61,758.99,758.91
"1819-02-26",1819,2,26,758.69,757.49,755.69,753.36
"1819-02-27",1819,2,27,750.74,750.59,749.84,750.89
"1819-02-28",1819,2,28,749.61,748.86,746.99,745.71
"1819-03-01",1819,3,1,745.26,745.26,744.74,745.56
"1819-03-02",1819,3,2,746.31,746.09,745.49,746.39
"1819-03-03",1819,3,3,749.39,750.06,750.74,754.86
"1819-03-04",1819,3,4,758.01,758.31,757.94,759.96
"1819-03-05",1819,3,5,761.69,760.86,760.34,760.71
"1819-03-06",1819,3,6,759.36,759.21,758.39,760.79
"1819-03-07",1819,3,7,762.66,762.21,761.61,762.89
"1819-03-08",1819,3,8,764.99,764.61,763.71,764.99
"1819-03-09",1819,3,9,767.62,767.54,766.87,768.14
"1819-03-10",1819,3,10,769.12,768.52,766.94,767.02
"1819-03-11",1819,3,11,768.07,767.99,767.24,768.29
"1819-03-12",1819,3,12,769.19,769.34,769.12,770.62
"1819-03-13",1819,3,13,772.19,772.12,771.29,772.42
"1819-03-14",1819,3,14,772.79,772.42,771.29,771.14
"1819-03-15",1819,3,15,770.17,769.72,768.44,769.12
"1819-03-16",1819,3,16,769.94,769.64,768.07,768.14
"1819-03-17",1819,3,17,769.49,768.52,768.44,769.57
"1819-03-18",1819,3,18,771.07,770.47,769.42,768.74
"1819-03-19",1819,3,19,761.84,758.69,756.14,755.24
"1819-03-20",1819,3,20,752.54,752.54,752.61,755.54
"1819-03-21",1819,3,21,758.84,758.84,758.91,761.01
"1819-03-22",1819,3,22,761.61,761.24,761.01,760.71
"1819-03-23",1819,3,23,760.19,760.11,759.36,760.04
"1819-03-24",1819,3,24,758.91,758.76,758.69,759.74
"1819-03-25",1819,3,25,759.06,759.51,759.44,760.86
"1819-03-26",1819,3,26,765.52,766.12,766.49,767.84
"1819-03-27",1819,3,27,769.34,768.67,767.32,766.57
"1819-03-28",1819,3,28,765.22,765.07,764.01,764.01
"1819-03-29",1819,3,29,764.09,762.96,763.11,766.27
"1819-03-30",1819,3,30,770.17,769.87,769.34,769.19
"1819-03-31",1819,3,31,772.04,770.99,770.47,770.69
"1819-04-01",1819,4,1,771.22,771.14,770.32,769.94
"1819-04-02",1819,4,2,770.54,769.79,768.29,767.32
"1819-04-03",1819,4,3,766.27,765.52,764.31,765.29
"1819-04-04",1819,4,4,767.77,767.69,766.57,766.64
"1819-04-05",1819,4,5,766.49,765.67,764.46,763.04
"1819-04-06",1819,4,6,761.39,759.74,757.11,756.21
"1819-04-07",1819,4,7,756.44,756.21,755.61,756.89
"1819-04-08",1819,4,8,759.59,759.66,759.44,760.11
"1819-04-09",1819,4,9,762.66,762.59,761.91,763.34
"1819-04-10",1819,4,10,764.24,763.04,761.01,758.46
"1819-04-11",1819,4,11,752.76,750.74,750.06,749.16
"1819-04-12",1819,4,12,748.34,747.21,746.16,746.84
"1819-04-13",1819,4,13,747.29,750.36,751.56,755.24
"1819-04-14",1819,4,14,754.79,753.66,751.94,752.31
"1819-04-15",1819,4,15,754.41,753.59,750.51,747.51
"1819-04-16",1819,4,16,747.74,747.89,748.26,752.46
"1819-04-17",1819,4,17,755.76,755.61,755.84,759.29
"1819-04-18",1819,4,18,761.76,760.94,759.81,760.04
"1819-04-19",1819,4,19,763.11,762.96,762.06,761.99
"1819-04-20",1819,4,20,761.69,761.91,761.01,760.94
"1819-04-21",1819,4,21,759.96,759.81,759.29,760.64
"1819-04-22",1819,4,22,761.24,761.46,761.09,761.01
"1819-04-23",1819,4,23,756.14,755.84,754.56,754.56
"1819-04-24",1819,4,24,755.69,756.29,756.21,756.51
"1819-04-25",1819,4,25,756.36,757.56,758.16,760.86
"1819-04-26",1819,4,26,764.54,764.61,764.54,765.52
"1819-04-27",1819,4,27,766.72,766.42,766.27,768.07
"1819-04-28",1819,4,28,769.72,768.67,767.62,767.02
"1819-04-29",1819,4,29,764.54,763.41,763.04,762.14
"1819-04-30",1819,4,30,762.51,761.76,761.24,761.69
"1819-05-01",1819,5,1,761.24,760.56,759.89,759.89
"1819-05-02",1819,5,2,758.16,757.19,755.84,755.54
"1819-05-03",1819,5,3,754.79,753.81,752.99,752.69
"1819-05-04",1819,5,4,752.99,752.46,751.56,752.54
"1819-05-05",1819,5,5,755.46,755.46,756.36,758.91
"1819-05-06",1819,5,6,763.86,764.16,764.31,765.29
"1819-05-07",1819,5,7,765.44,764.84,763.79,764.01
"1819-05-08",1819,5,8,764.09,764.09,763.64,764.16
"1819-05-09",1819,5,9,766.57,766.57,766.04,766.87
"1819-05-10",1819,5,10,768.44,769.57,767.47,768.52
"1819-05-11",1819,5,11,769.34,768.52,767.69,767.92
"1819-05-12",1819,5,12,767.39,766.72,765.59,765.74
"1819-05-13",1819,5,13,766.12,765.74,765.59,767.09
"1819-05-14",1819,5,14,768.22,767.84,767.02,766.79
"1819-05-15",1819,5,15,765.74,764.54,764.24,764.31
"1819-05-16",1819,5,16,765.37,764.77,763.94,763.56
"1819-05-17",1819,5,17,763.04,762.29,761.24,761.16
"1819-05-18",1819,5,18,762.89,762.81,761.99,760.94
"1819-05-19",1819,5,19,756.44,755.61,754.86,755.69
"1819-05-20",1819,5,20,755.69,755.69,755.01,754.49
"1819-05-21",1819,5,21,755.09,755.76,755.31,755.39
"1819-05-22",1819,5,22,758.09,758.39,758.76,760.86
"1819-05-23",1819,5,23,761.09,759.81,758.61,758.61
"1819-05-24",1819,5,24,759.74,760.04,758.99,760.04
"1819-05-25",1819,5,25,759.81,759.66,758.24,758.54
"1819-05-26",1819,5,26,758.54,758.84,758.24,757.64
"1819-05-27",1819,5,27,757.86,758.01,757.71,757.86
"1819-05-28",1819,5,28,758.69,758.76,758.76,758.91
"1819-05-29",1819,5,29,758.54,758.91,759.21,760.79
"1819-05-30",1819,5,30,763.49,763.71,764.31,766.72
"1819-05-31",1819,5,31,768.22,768.29,768.22,769.49
"1819-06-01",1819,6,1,769.72,769.42,768.74,768.74
"1819-06-02",1819,6,2,767.92,767.24,766.19,766.04
"1819-06-03",1819,6,3,766.34,766.04,765.74,766.19
"1819-06-04",1819,6,4,764.92,763.71,763.04,762.44
"1819-06-05",1819,6,5,766.79,767.09,766.94,766.57
"1819-06-06",1819,6,6,765.22,764.92,763.34,762.44
"1819-06-07",1819,6,7,759.81,758.46,757.41,758.39
"1819-06-08",1819,6,8,756.44,755.01,754.26,754.34
"1819-06-09",1819,6,9,756.21,756.89,756.96,757.94
"1819-06-10",1819,6,10,759.51,760.41,760.94,762.59
"1819-06-11",1819,6,11,766.42,766.57,766.04,766.57
"1819-06-12",1819,6,12,766.04,765.67,765.22,766.42
"1819-06-13",1819,6,13,767.47,767.09,766.57,766.49
"1819-06-14",1819,6,14,765.74,764.54,763.34,763.71
"1819-06-15",1819,6,15,762.06,761.61,760.94,761.31
"1819-06-16",1819,6,16,763.41,763.71,763.71,765.07
"1819-06-17",1819,6,17,765.29,764.84,764.31,765.14
"1819-06-18",1819,6,18,762.96,762.29,762.14,762.81
"1819-06-19",1819,6,19,763.71,763.49,762.96,765.14
"1819-06-20",1819,6,20,767.39,767.32,767.17,769.04
"1819-06-21",1819,6,21,769.27,768.59,767.24,767.02
"1819-06-22",1819,6,22,765.89,765.29,764.46,764.31
"1819-06-23",1819,6,23,765.82,765.67,765.52,765.44
"1819-06-24",1819,6,24,763.94,763.19,762.89,762.14
"1819-06-25",1819,6,25,762.59,762.29,761.69,760.34
"1819-06-26",1819,6,26,757.49,758.01,757.64,758.54
"1819-06-27",1819,6,27,759.44,758.91,758.76,758.54
"1819-06-28",1819,6,28,760.04,759.36,759.74,762.14
"1819-06-29",1819,6,29,763.41,764.09,763.49,763.94
"1819-06-30",1819,6,30,762.29,762.06,761.76,NA
"1819-07-01",1819,7,1,761.84,761.84,761.69,NA
"1819-07-02",1819,7,2,764.16,763.79,763.26,763.71
"1819-07-03",1819,7,3,762.89,762.36,761.61,760.79
"1819-07-04",1819,7,4,759.89,759.66,759.96,759.89
"1819-07-05",1819,7,5,761.54,760.71,760.41,762.06
"1819-07-06",1819,7,6,760.56,760.26,760.41,763.86
"1819-07-07",1819,7,7,768.22,768.22,767.24,766.42
"1819-07-08",1819,7,8,764.46,762.66,764.01,767.47
"1819-07-09",1819,7,9,770.39,770.54,770.99,771.29
"1819-07-10",1819,7,10,770.17,769.49,768.44,767.47
"1819-07-11",1819,7,11,767.62,767.47,767.62,768.59
"1819-07-12",1819,7,12,768.37,767.77,766.94,768.22
"1819-07-13",1819,7,13,767.92,767.99,767.54,767.47
"1819-07-14",1819,7,14,767.99,766.87,765.74,764.46
"1819-07-15",1819,7,15,762.51,NA,760.79,761.24
"1819-07-16",1819,7,16,761.91,761.69,761.46,763.41
"1819-07-17",1819,7,17,765.52,765.59,765.14,766.34
"1819-07-18",1819,7,18,766.57,765.67,764.61,763.34
"1819-07-19",1819,7,19,757.41,755.24,754.56,752.91
"1819-07-20",1819,7,20,749.16,747.51,747.14,747.59
"1819-07-21",1819,7,21,748.86,750.06,751.11,754.34
"1819-07-22",1819,7,22,761.24,NA,763.26,NA
"1819-07-23",1819,7,23,767.69,767.69,767.32,NA
"1819-07-24",1819,7,24,769.34,768.67,767.62,767.32
"1819-07-25",1819,7,25,765.07,764.16,763.19,763.04
"1819-07-26",1819,7,26,762.66,762.29,761.61,763.04
"1819-07-27",1819,7,27,764.39,764.16,763.64,765.74
"1819-07-28",1819,7,28,766.57,766.49,765.59,766.27
"1819-07-29",1819,7,29,765.52,764.39,763.04,763.56
"1819-07-30",1819,7,30,763.19,762.89,762.21,762.29
"1819-07-31",1819,7,31,762.44,762.21,762.59,763.34
"1819-08-01",1819,8,1,765.44,764.01,763.41,763.04
"1819-08-02",1819,8,2,761.61,760.71,759.06,759.59
"1819-08-03",1819,8,3,760.64,761.24,760.94,761.39
"1819-08-04",1819,8,4,760.79,760.79,760.79,761.39
"1819-08-05",1819,8,5,761.24,NA,762.51,764.39
"1819-08-06",1819,8,6,765.89,765.82,765.37,765.52
"1819-08-07",1819,8,7,765.52,765.07,764.77,765.59
"1819-08-08",1819,8,8,765.82,765.44,765.52,766.79
"1819-08-09",1819,8,9,768.22,767.99,767.24,766.94
"1819-08-10",1819,8,10,766.04,765.44,764.46,764.24
"1819-08-11",1819,8,11,762.96,762.29,761.46,761.76
"1819-08-12",1819,8,12,762.06,761.76,761.16,762.06
"1819-08-13",1819,8,13,763.26,763.34,763.26,764.69
"1819-08-14",1819,8,14,765.74,765.14,764.54,765.52
"1819-08-15",1819,8,15,766.64,766.34,766.04,767.39
"1819-08-16",1819,8,16,768.74,768.59,767.92,768.89
"1819-08-17",1819,8,17,769.49,769.34,768.59,769.19
"1819-08-18",1819,8,18,769.87,769.49,768.89,768.89
"1819-08-19",1819,8,19,767.47,766.64,765.74,766.12
"1819-08-20",1819,8,20,766.94,766.57,766.04,766.19
"1819-08-21",1819,8,21,766.94,766.27,765.37,765.22
"1819-08-22",1819,8,22,764.99,764.16,763.49,764.16
"1819-08-23",1819,8,23,764.16,763.56,762.74,762.96
"1819-08-25",1819,8,25,760.94,760.19,759.81,760.56
"1819-08-26",1819,8,26,762.59,762.44,762.14,763.26
"1819-08-27",1819,8,27,764.31,763.86,762.96,763.49
"1819-08-28",1819,8,28,762.66,762.06,760.94,760.49
"1819-08-29",1819,8,29,759.06,758.24,757.56,756.74
"1819-08-30",1819,8,30,752.24,750.06,747.96,749.76
"1819-08-31",1819,8,31,754.34,755.09,754.71,753.51
"1819-09-01",1819,9,1,756.06,757.56,757.56,758.76
"1819-09-02",1819,9,2,760.41,760.86,759.89,760.41
"1819-09-03",1819,9,3,760.56,761.46,761.76,763.64
"1819-09-04",1819,9,4,765.52,765.59,764.77,764.61
"1819-09-05",1819,9,5,762.59,762.06,761.09,763.41
"1819-09-06",1819,9,6,766.12,766.27,766.57,768.67
"1819-09-07",1819,9,7,770.02,769.42,768.97,769.12
"1819-09-08",1819,9,8,768.82,768.52,767.84,767.69
"1819-09-09",1819,9,9,767.24,766.49,765.67,765.52
"1819-09-10",1819,9,10,765.14,764.69,764.09,764.54
"1819-09-11",1819,9,11,765.37,765.07,764.46,765.67
"1819-09-12",1819,9,12,767.62,767.32,766.87,768.07
"1819-09-13",1819,9,13,769.57,770.09,768.44,769.12
"1819-09-14",1819,9,14,769.49,768.37,767.09,766.49
"1819-09-15",1819,9,15,764.01,763.04,761.84,760.79
"1819-09-16",1819,9,16,757.26,755.01,755.16,758.31
"1819-09-17",1819,9,17,761.39,762.06,762.74,766.34
"1819-09-18",1819,9,18,770.32,770.02,769.57,769.57
"1819-09-19",1819,9,19,768.74,767.84,766.49,768.44
"1819-09-20",1819,9,20,770.09,770.09,769.79,771.97
"1819-09-21",1819,9,21,773.77,773.69,773.09,774.14
"1819-09-22",1819,9,22,774.37,773.32,771.29,770.99
"1819-09-23",1819,9,23,768.07,766.64,764.46,763.11
"1819-09-24",1819,9,24,759.36,758.69,757.49,756.59
"1819-09-25",1819,9,25,755.84,755.54,755.24,756.06
"1819-09-26",1819,9,26,757.49,758.16,758.69,760.41
"1819-09-27",1819,9,27,759.89,760.56,760.71,762.81
"1819-09-28",1819,9,28,762.96,762.66,761.09,761.76
"1819-09-29",1819,9,29,760.04,759.66,759.96,762.66
"1819-09-30",1819,9,30,765.14,764.77,763.94,764.24
"1819-10-01",1819,10,1,763.26,762.21,760.94,761.31
"1819-10-02",1819,10,2,761.31,761.54,761.01,761.76
"1819-10-03",1819,10,3,760.11,759.29,758.09,758.16
"1819-10-04",1819,10,4,758.16,757.71,757.04,757.26
"1819-10-05",1819,10,5,759.51,762.21,764.24,768.67
"1819-10-06",1819,10,6,771.37,770.92,769.94,769.42
"1819-10-07",1819,10,7,767.09,767.24,766.57,766.64
"1819-10-08",1819,10,8,767.54,767.84,767.32,767.17
"1819-10-09",1819,10,9,765.22,764.46,762.51,761.54
"1819-10-10",1819,10,10,761.46,761.61,760.71,761.91
"1819-10-11",1819,10,11,762.89,762.74,762.29,763.34
"1819-10-12",1819,10,12,764.99,764.69,764.39,765.37
"1819-10-13",1819,10,13,765.97,765.22,764.24,765.89
"1819-10-14",1819,10,14,767.62,768.07,767.84,768.44
"1819-10-15",1819,10,15,769.34,769.57,769.64,771.89
"1819-10-16",1819,10,16,772.34,770.99,769.49,767.77
"1819-10-17",1819,10,17,764.92,764.61,764.99,766.72
"1819-10-18",1819,10,18,766.19,766.27,765.74,767.02
"1819-10-19",1819,10,19,766.79,765.97,765.07,765.14
"1819-10-20",1819,10,20,762.21,761.09,759.29,758.24
"1819-10-21",1819,10,21,754.94,754.56,754.86,755.91
"1819-10-22",1819,10,22,753.51,755.76,756.44,756.66
"1819-10-23",1819,10,23,751.19,749.31,748.79,748.41
"1819-10-24",1819,10,24,746.99,746.76,745.86,746.76
"1819-10-25",1819,10,25,749.54,752.24,754.86,757.94
"1819-10-26",1819,10,26,757.11,757.56,757.79,759.59
"1819-10-27",1819,10,27,759.59,758.91,758.09,756.66
"1819-10-28",1819,10,28,760.11,760.11,759.96,757.79
"1819-10-29",1819,10,29,748.41,747.89,747.21,748.04
"1819-10-30",1819,10,30,750.21,751.34,751.94,755.16
"1819-10-31",1819,10,31,759.89,760.64,760.49,760.86
"1819-11-01",1819,11,1,758.16,757.04,755.99,755.01
"1819-11-02",1819,11,2,755.24,755.24,755.61,758.69
"1819-11-03",1819,11,3,763.64,764.99,765.59,767.39
"1819-11-04",1819,11,4,767.39,766.64,765.37,764.16
"1819-11-05",1819,11,5,759.51,758.09,757.19,758.46
"1819-11-06",1819,11,6,758.16,757.71,756.96,756.36
"1819-11-07",1819,11,7,755.01,755.16,755.46,755.99
"1819-11-08",1819,11,8,753.06,752.16,750.96,755.09
"1819-11-09",1819,11,9,762.96,763.11,762.81,762.29
"1819-11-10",1819,11,10,754.94,753.51,750.36,749.76
"1819-11-11",1819,11,11,752.01,753.14,754.11,756.81
"1819-11-12",1819,11,12,759.14,759.21,758.24,757.71
"1819-11-13",1819,11,13,754.41,754.79,754.41,756.21
"1819-11-14",1819,11,14,759.36,759.66,760.11,761.24
"1819-11-15",1819,11,15,761.91,761.24,759.81,758.99
"1819-11-16",1819,11,16,755.16,753.89,752.24,750.21
"1819-11-17",1819,11,17,754.34,NA,756.14,758.69
"1819-11-18",1819,11,18,760.86,760.41,759.89,761.46
"1819-11-19",1819,11,19,761.76,761.69,761.09,761.16
"1819-11-20",1819,11,20,760.11,759.21,758.69,752.69
"1819-11-21",1819,11,21,745.34,745.19,745.71,748.49
"1819-11-22",1819,11,22,754.11,754.11,754.41,756.36
"1819-11-23",1819,11,23,758.69,761.01,761.99,762.66
"1819-11-24",1819,11,24,762.44,763.64,764.24,765.14
"1819-11-25",1819,11,25,765.89,765.89,765.44,764.16
"1819-11-26",1819,11,26,754.19,754.64,756.44,760.56
"1819-11-27",1819,11,27,763.26,NA,763.26,764.24
"1819-11-28",1819,11,28,764.54,764.46,763.94,763.94
"1819-11-29",1819,11,29,761.69,761.99,761.99,762.59
"1819-11-30",1819,11,30,763.19,762.36,760.71,759.06
"1819-12-01",1819,12,1,761.69,763.26,765.74,769.64
"1819-12-02",1819,12,2,770.84,770.02,768.89,768.37
"1819-12-03",1819,12,3,769.49,769.57,769.79,771.82
"1819-12-04",1819,12,4,767.84,764.46,759.89,754.94
"1819-12-05",1819,12,5,755.91,757.41,757.79,759.74
"1819-12-06",1819,12,6,762.74,762.81,762.74,763.71
"1819-12-07",1819,12,7,763.71,763.41,762.74,762.06
"1819-12-08",1819,12,8,761.24,761.84,762.29,764.16
"1819-12-09",1819,12,9,765.74,765.52,764.99,763.49
"1819-12-10",1819,12,10,762.06,762.51,763.94,765.37
"1819-12-11",1819,12,11,764.31,764.92,764.99,766.19
"1819-12-12",1819,12,12,768.22,767.39,766.12,762.81
"1819-12-13",1819,12,13,760.79,760.64,760.56,761.09
"1819-12-14",1819,12,14,761.09,760.94,760.11,759.14
"1819-12-15",1819,12,15,757.71,757.86,757.86,758.91
"1819-12-16",1819,12,16,764.31,765.67,766.57,768.29
"1819-12-17",1819,12,17,764.92,762.74,760.04,756.59
"1819-12-18",1819,12,18,755.54,756.21,757.19,761.09
"1819-12-19",1819,12,19,765.52,766.19,765.59,764.61
"1819-12-20",1819,12,20,761.31,760.79,760.64,762.81
"1819-12-21",1819,12,21,765.52,765.52,764.99,763.49
"1819-12-22",1819,12,22,762.36,762.51,762.21,759.81
"1819-12-23",1819,12,23,752.69,751.19,748.26,749.91
"1819-12-24",1819,12,24,752.24,751.56,750.29,745.19
"1819-12-25",1819,12,25,747.14,748.56,749.76,752.46
"1819-12-26",1819,12,26,755.39,755.61,755.61,755.24
"1819-12-27",1819,12,27,752.01,750.51,749.76,751.34
"1819-12-28",1819,12,28,753.14,753.14,752.24,750.96
"1819-12-29",1819,12,29,753.36,753.51,754.71,757.04
"1819-12-30",1819,12,30,757.11,755.61,754.64,752.39
"1819-12-31",1819,12,31,749.61,749.31,749.69,751.41
"1820-01-01",1820,1,1,751.11,751.11,752.84,756.89
"1820-01-02",1820,1,2,761.09,760.41,758.69,753.74
"1820-01-03",1820,1,3,752.54,756.21,760.71,766.57
"1820-01-04",1820,1,4,767.99,767.17,766.04,766.27
"1820-01-05",1820,1,5,769.72,769.94,770.47,770.69
"1820-01-06",1820,1,6,770.47,769.72,769.49,769.34
"1820-01-07",1820,1,7,769.72,770.02,770.84,773.99
"1820-01-08",1820,1,8,776.77,776.84,776.77,778.04
"1820-01-09",1820,1,9,779.92,778.79,778.19,776.32
"1820-01-10",1820,1,10,773.24,772.27,770.84,769.42
"1820-01-11",1820,1,11,766.87,765.22,763.71,762.21
"1820-01-12",1820,1,12,765.29,765.89,767.09,768.37
"1820-01-13",1820,1,13,768.37,767.17,766.94,768.14
"1820-01-15",1820,1,15,760.94,758.69,759.51,756.14
"1820-01-16",1820,1,16,757.71,758.61,757.26,761.69
"1820-01-17",1820,1,17,760.79,758.54,752.99,755.69
"1820-01-18",1820,1,18,754.26,753.51,746.69,748.26
"1820-01-19",1820,1,19,746.91,748.41,753.51,NA
"1820-01-20",1820,1,20,755.46,756.29,753.96,747.66
"1820-01-22",1820,1,22,763.26,765.67,771.52,770.02
"1820-01-24",1820,1,24,768.52,767.77,766.94,767.84
"1820-01-25",1820,1,25,766.49,764.01,761.24,761.01
"1820-01-26",1820,1,26,761.61,762.59,762.44,762.44
"1820-01-27",1820,1,27,762.06,761.31,759.66,757.19
"1820-01-28",1820,1,28,752.46,752.99,755.16,760.86
"1820-01-29",1820,1,29,766.87,767.99,768.52,770.17
"1820-01-30",1820,1,30,770.62,769.79,769.19,769.72
"1820-01-31",1820,1,31,769.72,769.57,768.67,769.34
"1820-02-01",1820,2,1,766.64,765.07,763.11,760.94
"1820-02-02",1820,2,2,761.39,761.69,761.69,763.11
"1820-02-03",1820,2,3,765.22,765.74,765.74,766.72
"1820-02-04",1820,2,4,768.14,768.97,768.22,769.04
"1820-02-05",1820,2,5,768.97,768.52,767.69,766.94
"1820-02-06",1820,2,6,767.39,768.52,768.74,770.84
"1820-02-07",1820,2,7,773.54,773.17,772.64,772.79
"1820-02-08",1820,2,8,772.72,772.64,772.12,771.97
"1820-02-09",1820,2,9,769.87,768.37,766.49,764.84
"1820-02-10",1820,2,10,764.99,765.07,765.22,767.54
"1820-02-11",1820,2,11,771.52,771.22,770.47,768.22
"1820-02-12",1820,2,12,763.94,764.01,763.86,765.07
"1820-02-13",1820,2,13,766.79,766.04,765.22,765.44
"1820-02-14",1820,2,14,768.29,768.22,768.07,770.02
"1820-02-15",1820,2,15,772.04,772.12,771.82,772.19
"1820-02-16",1820,2,16,771.29,770.47,769.42,768.89
"1820-02-17",1820,2,17,767.99,767.32,766.79,767.47
"1820-02-18",1820,2,18,766.42,765.97,765.14,765.44
"1820-02-19",1820,2,19,765.82,765.29,765.14,765.67
"1820-02-20",1820,2,20,765.29,763.94,762.81,761.24
"1820-02-21",1820,2,21,760.94,759.81,759.21,760.04
"1820-02-22",1820,2,22,761.39,760.79,759.29,758.46
"1820-02-23",1820,2,23,757.41,757.34,755.69,756.51
"1820-02-24",1820,2,24,757.04,755.24,752.76,749.31
"1820-02-25",1820,2,25,748.86,749.61,750.21,752.69
"1820-02-26",1820,2,26,756.44,756.66,757.04,759.59
"1820-02-27",1820,2,27,763.41,763.56,763.71,763.94
"1820-02-28",1820,2,28,762.44,761.69,761.01,761.99
"1820-02-29",1820,2,29,762.14,761.61,760.41,759.96
"1820-03-01",1820,3,1,755.31,755.39,755.16,755.01
"1820-03-02",1820,3,2,739.86,740.91,741.81,745.11
"1820-03-03",1820,3,3,753.36,754.11,755.39,758.39
"1820-03-04",1820,3,4,761.09,761.16,760.71,762.06
"1820-03-05",1820,3,5,764.92,764.54,764.77,766.34
"1820-03-06",1820,3,6,766.04,765.59,764.61,766.42
"1820-03-07",1820,3,7,767.77,767.77,767.32,768.29
"1820-03-08",1820,3,8,770.62,770.69,770.54,771.67
"1820-03-09",1820,3,9,771.52,770.84,769.04,767.39
"1820-03-10",1820,3,10,762.14,760.71,758.91,758.69
"1820-03-11",1820,3,11,757.11,755.54,753.74,753.06
"1820-03-12",1820,3,12,751.41,750.66,749.31,752.24
"1820-03-13",1820,3,13,758.24,758.99,760.34,764.31
"1820-03-14",1820,3,14,770.92,771.29,771.44,772.57
"1820-03-15",1820,3,15,771.74,770.47,768.67,769.72
"1820-03-16",1820,3,16,772.19,771.52,770.62,767.47
"1820-03-17",1820,3,17,770.69,770.02,768.82,768.97
"1820-03-18",1820,3,18,771.07,771.07,770.39,770.62
"1820-03-19",1820,3,19,769.12,768.44,767.09,767.54
"1820-03-20",1820,3,20,769.04,768.97,768.29,769.87
"1820-03-21",1820,3,21,769.57,768.67,767.39,765.37
"1820-03-22",1820,3,22,760.34,760.49,760.11,760.56
"1820-03-23",1820,3,23,754.56,752.54,749.99,749.24
"1820-03-24",1820,3,24,745.86,744.36,740.16,732.96
"1820-03-25",1820,3,25,740.31,744.21,748.49,754.34
"1820-03-26",1820,3,26,762.66,762.96,762.81,762.66
"1820-03-27",1820,3,27,765.29,765.29,765.14,765.82
"1820-03-28",1820,3,28,767.62,767.99,767.92,770.24
"1820-03-29",1820,3,29,769.79,769.19,767.84,767.24
"1820-03-30",1820,3,30,764.99,763.86,762.51,763.11
"1820-03-31",1820,3,31,764.69,764.31,763.26,764.99
"1820-04-01",1820,4,1,768.82,768.67,767.69,768.74
"1820-04-02",1820,4,2,770.24,769.87,768.22,768.44
"1820-04-03",1820,4,3,768.97,768.37,767.84,766.87
"1820-04-04",1820,4,4,763.56,761.99,760.04,759.66
"1820-04-05",1820,4,5,759.89,759.14,758.16,757.26
"1820-04-06",1820,4,6,754.11,753.29,752.09,753.36
"1820-04-07",1820,4,7,755.46,755.54,755.54,755.61
"1820-04-08",1820,4,8,752.31,750.21,747.81,746.39
"1820-04-09",1820,4,9,748.26,747.06,750.89,755.54
"1820-04-10",1820,4,10,756.44,754.86,753.51,752.54
"1820-04-11",1820,4,11,754.26,755.16,755.09,755.54
"1820-04-12",1820,4,12,759.96,760.49,760.19,760.86
"1820-04-13",1820,4,13,759.59,758.84,757.94,756.81
"1820-04-14",1820,4,14,757.34,757.11,755.91,757.49
"1820-04-15",1820,4,15,758.46,758.46,758.91,761.61
"1820-04-16",1820,4,16,766.27,766.57,766.19,768.97
"1820-04-17",1820,4,17,769.72,768.74,767.54,767.62
"1820-04-18",1820,4,18,766.64,765.89,764.92,765.29
"1820-04-19",1820,4,19,766.94,766.19,765.44,766.19
"1820-04-20",1820,4,20,768.37,768.07,767.77,768.82
"1820-04-21",1820,4,21,770.24,769.64,768.67,769.49
"1820-04-22",1820,4,22,770.69,769.87,768.59,769.94
"1820-04-23",1820,4,23,773.54,772.57,771.44,772.12
"1820-04-24",1820,4,24,773.09,771.74,770.32,770.84
"1820-04-25",1820,4,25,770.62,769.34,767.84,767.32
"1820-04-26",1820,4,26,763.79,761.76,759.29,756.96
"1820-04-27",1820,4,27,754.64,754.56,754.49,757.11
"1820-04-29",1820,4,29,768.52,767.99,767.09,767.69
"1820-04-30",1820,4,30,768.97,768.44,768.14,770.09
"1820-05-01",1820,5,1,772.64,772.57,771.52,771.97
"1820-05-02",1820,5,2,771.89,771.29,770.02,769.34
"1820-05-03",1820,5,3,767.47,766.94,766.34,765.89
"1820-05-04",1820,5,4,763.04,762.14,760.34,758.76
"1820-05-05",1820,5,5,757.86,757.56,757.49,759.74
"1820-05-06",1820,5,6,761.91,761.31,760.41,759.51
"1820-05-07",1820,5,7,757.94,758.16,757.94,758.84
"1820-05-08",1820,5,8,759.89,758.99,757.56,756.89
"1820-05-09",1820,5,9,758.31,757.64,758.39,760.11
"1820-05-10",1820,5,10,763.86,764.31,764.39,765.97
"1820-05-11",1820,5,11,767.92,767.24,765.59,765.44
"1820-05-12",1820,5,12,766.87,766.57,765.59,764.54
"1820-05-13",1820,5,13,761.91,761.16,761.16,762.36
"1820-05-14",1820,5,14,761.69,760.79,760.26,761.69
"1820-05-15",1820,5,15,762.29,761.61,759.81,758.54
"1820-05-16",1820,5,16,762.06,761.69,761.76,762.44
"1820-05-17",1820,5,17,763.41,762.66,761.09,757.11
"1820-05-18",1820,5,18,752.84,752.76,753.21,755.76
"1820-05-19",1820,5,19,761.46,762.44,763.04,766.64
"1820-05-20",1820,5,20,771.22,771.22,771.37,773.32
"1820-05-21",1820,5,21,773.92,773.09,770.17,771.59
"1820-05-22",1820,5,22,769.04,767.84,766.72,765.44
"1820-05-23",1820,5,23,763.04,762.14,761.01,759.89
"1820-05-24",1820,5,24,760.79,761.01,760.19,760.41
"1820-05-25",1820,5,25,764.84,764.24,763.64,762.44
"1820-05-26",1820,5,26,763.04,763.34,762.51,762.06
"1820-05-27",1820,5,27,759.66,758.31,756.74,758.46
"1820-05-28",1820,5,28,759.36,759.14,758.24,756.44
"1820-05-29",1820,5,29,751.86,751.26,751.49,751.56
"1820-05-30",1820,5,30,752.09,751.34,752.31,753.74
"1820-05-31",1820,5,31,754.94,754.34,753.96,754.64
"1820-06-01",1820,6,1,759.81,759.74,759.21,759.29
"1820-06-02",1820,6,2,760.04,759.36,759.36,760.19
"1820-06-03",1820,6,3,761.69,761.61,761.61,763.49
"1820-06-04",1820,6,4,764.69,764.16,764.01,764.61
"1820-06-05",1820,6,5,766.04,765.97,765.37,764.54
"1820-06-06",1820,6,6,759.74,760.19,761.16,762.59
"1820-06-08",1820,6,8,764.01,764.24,764.31,764.16
"1820-06-09",1820,6,9,761.69,761.46,761.01,760.71
"1820-06-10",1820,6,10,759.14,759.14,758.84,759.29
"1820-06-11",1820,6,11,757.71,757.56,757.64,757.71
"1820-06-12",1820,6,12,757.94,758.31,757.86,758.91
"1820-06-13",1820,6,13,760.11,760.19,760.19,761.76
"1820-06-14",1820,6,14,764.61,765.07,764.92,765.89
"1820-06-15",1820,6,15,763.41,762.51,762.74,763.41
"1820-06-16",1820,6,16,765.14,764.77,764.69,763.94
"1820-06-17",1820,6,17,763.49,763.94,764.54,766.42
"1820-06-18",1820,6,18,766.94,767.02,766.57,766.19
"1820-06-19",1820,6,19,761.24,760.56,760.64,761.69
"1820-06-20",1820,6,20,761.61,761.61,761.61,762.51
"1820-06-21",1820,6,21,762.14,762.74,762.74,764.69
"1820-06-23",1820,6,23,769.12,768.97,768.37,768.82
"1820-06-24",1820,6,24,769.42,769.42,768.97,770.02
"1820-06-25",1820,6,25,772.04,772.19,771.74,772.57
"1820-06-26",1820,6,26,773.62,772.19,772.34,772.34
"1820-06-27",1820,6,27,772.12,771.59,771.29,771.59
"1820-06-28",1820,6,28,770.92,770.24,771.37,768.52
"1820-06-29",1820,6,29,767.09,766.27,764.16,764.16
"1820-06-30",1820,6,30,760.71,759.59,758.69,760.71
"1820-07-01",1820,7,1,766.12,766.64,767.02,769.19
"1820-07-02",1820,7,2,770.17,768.82,767.32,766.79
"1820-07-03",1820,7,3,763.86,763.94,763.64,763.34
"1820-07-04",1820,7,4,762.51,762.44,762.74,764.01
"1820-07-05",1820,7,5,765.52,765.22,764.77,765.52
"1820-07-06",1820,7,6,766.64,766.94,767.02,767.02
"1820-07-07",1820,7,7,767.32,766.87,766.64,767.77
"1820-07-08",1820,7,8,768.14,768.07,767.77,767.92
"1820-07-09",1820,7,9,767.62,767.39,766.87,766.79
"1820-07-10",1820,7,10,766.27,766.57,764.77,764.54
"1820-07-11",1820,7,11,764.24,763.79,762.89,762.74
"1820-07-12",1820,7,12,760.71,759.89,758.84,757.71
"1820-07-13",1820,7,13,756.44,756.14,756.14,757.19
"1820-07-14",1820,7,14,758.61,759.06,759.36,760.86
"1820-07-15",1820,7,15,763.56,763.71,763.49,763.79
"1820-07-16",1820,7,16,762.89,761.91,761.31,760.19
"1820-07-17",1820,7,17,754.19,752.54,753.74,755.16
"1820-07-18",1820,7,18,752.61,752.31,752.24,752.46
"1820-07-19",1820,7,19,752.31,753.21,754.11,756.44
"1820-07-20",1820,7,20,757.94,758.39,758.76,760.64
"1820-07-21",1820,7,21,763.19,763.26,763.56,764.77
"1820-07-22",1820,7,22,763.71,763.41,763.04,NA
"1820-07-23",1820,7,23,763.34,763.79,764.01,765.07
"1820-07-24",1820,7,24,765.07,765.14,765.07,765.29
"1820-07-25",1820,7,25,763.71,763.26,762.74,763.04
"1820-07-26",1820,7,26,766.42,766.64,766.57,767.77
"1820-07-27",1820,7,27,768.29,767.92,766.94,767.09
"1820-07-28",1820,7,28,766.79,766.79,766.34,766.72
"1820-07-29",1820,7,29,766.87,766.49,765.82,765.89
"1820-07-30",1820,7,30,765.22,764.01,763.04,761.69
"1820-07-31",1820,7,31,761.31,760.94,759.96,760.19
"1820-08-01",1820,8,1,763.19,763.49,763.11,764.24
"1820-08-02",1820,8,2,768.29,768.22,767.99,768.52
"1820-08-03",1820,8,3,766.64,765.52,763.79,762.74
"1820-08-04",1820,8,4,761.54,761.16,760.49,761.31
"1820-08-05",1820,8,5,764.46,763.64,763.56,764.39
"1820-08-06",1820,8,6,762.36,761.24,760.34,759.81
"1820-08-07",1820,8,7,762.44,762.96,763.41,765.82
"1820-08-08",1820,8,8,766.04,764.99,763.64,762.89
"1820-08-09",1820,8,9,766.04,766.34,766.34,768.67
"1820-08-10",1820,8,10,771.37,770.69,769.79,769.87
"1820-08-11",1820,8,11,769.64,768.67,767.47,767.39
"1820-08-12",1820,8,12,767.39,767.77,767.47,766.04
"1820-08-13",1820,8,13,765.67,764.99,764.24,764.92
"1820-08-14",1820,8,14,764.31,763.49,762.51,762.21
"1820-08-15",1820,8,15,761.61,760.64,759.81,760.79
"1820-08-16",1820,8,16,763.26,762.81,762.51,763.56
"1820-08-17",1820,8,17,763.04,762.21,761.01,760.56
"1820-08-18",1820,8,18,759.51,759.44,758.16,757.86
"1820-08-19",1820,8,19,757.11,757.19,757.34,759.81
"1820-08-20",1820,8,20,761.24,760.86,760.04,759.51
"1820-08-21",1820,8,21,755.99,755.76,754.56,753.44
"1820-08-22",1820,8,22,752.46,752.46,752.54,755.69
"1820-08-23",1820,8,23,762.89,764.31,765.67,767.47
"1820-08-24",1820,8,24,768.29,767.69,766.72,766.49
"1820-08-25",1820,8,25,765.82,765.14,764.16,763.64
"1820-08-26",1820,8,26,760.56,761.01,760.56,760.41
"1820-08-27",1820,8,27,761.01,761.24,761.31,761.24
"1820-08-28",1820,8,28,757.11,756.06,756.66,758.91
"1820-08-29",1820,8,29,760.41,759.21,759.81,760.11
"1820-08-30",1820,8,30,762.14,762.51,762.59,764.24
"1820-08-31",1820,8,31,765.59,765.14,764.84,764.92
"1820-09-01",1820,9,1,764.39,762.21,761.16,761.61
"1820-09-02",1820,9,2,762.21,762.66,762.89,763.79
"1820-09-03",1820,9,3,766.19,766.64,767.09,768.37
"1820-09-04",1820,9,4,768.52,768.14,767.32,767.39
"1820-09-05",1820,9,5,766.34,765.44,764.46,763.64
"1820-09-06",1820,9,6,761.84,761.46,761.54,763.94
"1820-09-07",1820,9,7,766.64,766.72,766.94,768.37
"1820-09-08",1820,9,8,770.02,769.79,770.09,772.12
"1820-09-09",1820,9,9,773.69,773.17,772.49,772.64
"1820-09-10",1820,9,10,772.79,772.04,771.29,771.29
"1820-09-11",1820,9,11,771.14,770.32,769.42,769.42
"1820-09-12",1820,9,12,769.42,768.67,768.14,768.07
"1820-09-13",1820,9,13,768.07,767.32,766.57,766.42
"1820-09-14",1820,9,14,764.69,763.71,762.66,762.14
"1820-09-15",1820,9,15,760.71,760.19,760.49,762.96
"1820-09-16",1820,9,16,766.27,766.27,765.89,766.87
"1820-09-17",1820,9,17,766.79,765.44,764.39,763.11
"1820-09-18",1820,9,18,757.49,755.54,755.54,757.86
"1820-09-19",1820,9,19,761.91,762.44,762.81,765.89
"1820-09-20",1820,9,20,766.49,765.44,763.71,760.64
"1820-09-21",1820,9,21,753.36,753.59,752.99,752.91
"1820-09-22",1820,9,22,757.71,759.66,761.31,765.37
"1820-09-23",1820,9,23,769.19,768.89,768.59,768.22
"1820-09-24",1820,9,24,765.22,764.46,762.21,760.94
"1820-09-25",1820,9,25,760.04,759.44,759.21,759.89
"1820-09-26",1820,9,26,762.29,763.04,763.64,767.17
"1820-09-27",1820,9,27,770.24,770.17,769.27,769.49
"1820-09-28",1820,9,28,769.87,769.49,769.42,769.79
"1820-09-29",1820,9,29,768.52,767.62,767.32,769.27
"1820-09-30",1820,9,30,769.79,768.59,767.02,766.27
"1820-10-01",1820,10,1,768.74,768.44,769.72,773.47
"1820-10-02",1820,10,2,776.69,776.32,776.09,776.69
"1820-10-03",1820,10,3,776.39,776.02,775.79,776.39
"1820-10-04",1820,10,4,773.77,772.49,770.39,770.17
"1820-10-05",1820,10,5,768.89,768.59,767.39,767.09
"1820-10-06",1820,10,6,768.97,767.99,766.57,767.02
"1820-10-07",1820,10,7,767.62,766.27,765.29,765.97
"1820-10-08",1820,10,8,766.72,766.57,766.04,767.39
"1820-10-09",1820,10,9,768.07,767.54,766.94,763.64
"1820-10-10",1820,10,10,766.42,765.59,763.86,761.91
"1820-10-11",1820,10,11,761.91,761.54,760.34,765.29
"1820-10-12",1820,10,12,764.31,764.31,764.31,764.01
"1820-10-13",1820,10,13,765.52,765.14,764.24,761.91
"1820-10-14",1820,10,14,759.51,757.04,754.26,751.56
"1820-10-15",1820,10,15,748.11,746.76,748.26,749.09
"1820-10-16",1820,10,16,751.26,750.59,750.36,751.64
"1820-10-17",1820,10,17,746.76,745.34,744.51,740.31
"1820-10-18",1820,10,18,741.66,741.14,741.06,744.89
"1820-10-19",1820,10,19,749.76,751.11,751.71,751.56
"1820-10-20",1820,10,20,744.14,745.41,745.34,746.01
"1820-10-21",1820,10,21,751.11,753.36,753.89,756.36
"1820-10-22",1820,10,22,753.59,749.31,742.56,739.64
"1820-10-23",1820,10,23,745.41,747.44,748.49,749.46
"1820-10-24",1820,10,24,741.36,737.46,736.41,737.69
"1820-10-25",1820,10,25,743.69,745.64,746.61,750.96
"1820-10-26",1820,10,26,754.86,752.39,749.09,747.59
"1820-10-27",1820,10,27,748.19,748.41,748.41,751.49
"1820-10-28",1820,10,28,757.34,758.16,758.46,760.41
"1820-10-29",1820,10,29,758.16,755.61,752.91,751.86
"1820-10-30",1820,10,30,756.59,757.41,757.79,758.09
"1820-10-31",1820,10,31,752.39,750.21,747.81,743.91
"1820-11-01",1820,11,1,747.14,752.61,754.11,758.16
"1820-11-02",1820,11,2,762.51,762.21,761.84,761.31
"1820-11-03",1820,11,3,761.01,761.01,761.09,761.61
"1820-11-04",1820,11,4,759.06,758.76,758.91,760.41
"1820-11-05",1820,11,5,763.64,763.71,763.71,763.79
"1820-11-06",1820,11,6,760.94,760.86,760.94,761.16
"1820-11-07",1820,11,7,761.01,760.86,760.26,760.64
"1820-11-08",1820,11,8,758.16,757.26,756.21,756.74
"1820-11-09",1820,11,9,756.89,756.51,756.06,756.89
"1820-11-10",1820,11,10,759.81,760.34,760.49,762.81
"1820-11-11",1820,11,11,765.37,766.57,766.94,769.12
"1820-11-12",1820,11,12,768.37,766.57,764.77,761.84
"1820-11-13",1820,11,13,755.39,753.74,752.91,753.66
"1820-11-14",1820,11,14,755.99,755.99,755.39,755.69
"1820-11-15",1820,11,15,756.81,757.19,757.49,758.91
"1820-11-16",1820,11,16,758.99,758.31,758.01,758.46
"1820-11-17",1820,11,17,758.99,758.99,758.91,758.76
"1820-11-18",1820,11,18,761.16,761.69,762.51,763.79
"1820-11-19",1820,11,19,765.37,765.52,765.14,766.12
"1820-11-20",1820,11,20,767.62,767.54,767.17,767.99
"1820-11-21",1820,11,21,766.94,766.19,765.22,764.24
"1820-11-22",1820,11,22,761.84,760.86,759.81,759.89
"1820-11-23",1820,11,23,759.29,758.84,758.46,759.89
"1820-11-24",1820,11,24,759.81,758.39,757.11,755.39
"1820-11-25",1820,11,25,754.64,755.01,755.61,758.61
"1820-11-26",1820,11,26,763.19,763.41,762.81,762.89
"1820-11-27",1820,11,27,763.64,762.96,762.74,763.56
"1820-11-28",1820,11,28,765.74,766.04,765.74,767.69
"1820-11-29",1820,11,29,771.29,770.92,771.07,771.37
"1820-11-30",1820,11,30,770.47,769.72,769.19,769.19
"1820-12-01",1820,12,1,768.37,768.14,766.94,766.57
"1820-12-03",1820,12,3,770.69,771.07,770.54,770.24
"1820-12-04",1820,12,4,769.34,768.07,768.82,769.27
"1820-12-05",1820,12,5,768.14,767.54,766.19,765.97
"1820-12-06",1820,12,6,767.54,767.47,767.39,769.34
"1820-12-07",1820,12,7,770.24,770.24,769.87,771.29
"1820-12-08",1820,12,8,773.17,773.32,773.17,773.92
"1820-12-09",1820,12,9,774.07,773.77,772.87,773.02
"1820-12-10",1820,12,10,771.82,771.14,770.24,769.94
"1820-12-11",1820,12,11,767.84,767.62,766.79,765.89
"1820-12-12",1820,12,12,760.41,758.99,757.94,756.51
"1820-12-13",1820,12,13,751.79,750.51,749.31,750.44
"1820-12-14",1820,12,14,757.86,757.94,759.29,761.61
"1820-12-15",1820,12,15,761.99,761.31,761.24,761.09
"1820-12-16",1820,12,16,757.79,757.26,755.91,754.86
"1820-12-17",1820,12,17,758.39,759.89,759.96,762.44
"1820-12-18",1820,12,18,768.22,769.12,769.87,772.34
"1820-12-19",1820,12,19,775.42,775.42,774.82,775.27
"1820-12-20",1820,12,20,776.02,775.72,775.12,774.97
"1820-12-21",1820,12,21,771.07,770.24,769.64,769.94
"1820-12-22",1820,12,22,769.04,768.52,767.54,766.87
"1820-12-23",1820,12,23,763.34,762.06,761.16,760.34
"1820-12-24",1820,12,24,758.16,757.86,757.56,757.34
"1820-12-25",1820,12,25,756.89,756.36,756.29,756.51
"1820-12-26",1820,12,26,757.11,758.01,758.39,759.59
"1820-12-27",1820,12,27,761.16,761.09,760.34,759.81
"1820-12-28",1820,12,28,758.99,758.09,757.64,758.69
"1820-12-29",1820,12,29,759.14,757.56,758.39,758.99
"1820-12-30",1820,12,30,760.41,760.04,759.96,760.94
"1820-12-31",1820,12,31,761.39,760.86,760.56,761.01
"1821-01-01",1821,1,1,761.31,761.09,761.01,760.79
"1821-01-02",1821,1,2,757.86,755.76,754.49,751.86
"1821-01-03",1821,1,3,745.71,744.74,744.29,743.01
"1821-01-04",1821,1,4,747.29,748.94,749.39,748.79
"1821-01-05",1821,1,5,745.34,744.14,744.14,744.44
"1821-01-06",1821,1,6,744.14,743.24,743.46,744.96
"1821-01-07",1821,1,7,747.96,748.04,748.49,748.34
"1821-01-08",1821,1,8,744.96,743.69,743.69,743.69
"1821-01-09",1821,1,9,739.19,739.49,741.51,743.69
"1821-01-10",1821,1,10,746.69,747.29,747.21,743.91
"1821-01-11",1821,1,11,744.89,745.94,746.24,748.71
"1821-01-12",1821,1,12,751.86,NA,752.09,754.86
"1821-01-13",1821,1,13,756.89,758.31,757.19,750.81
"1821-01-14",1821,1,14,745.34,746.84,749.39,760.34
"1821-01-15",1821,1,15,769.42,769.19,767.32,766.12
"1821-01-16",1821,1,16,762.66,NA,760.49,768.22
"1821-01-17",1821,1,17,771.67,771.97,772.57,773.84
"1821-01-18",1821,1,18,774.89,774.97,774.97,775.72
"1821-01-19",1821,1,19,775.27,774.74,773.17,773.54
"1821-01-20",1821,1,20,775.87,776.47,776.62,779.02
"1821-01-21",1821,1,21,781.57,781.27,781.27,781.34
"1821-01-22",1821,1,22,781.57,781.12,780.44,780.29
"1821-01-23",1821,1,23,781.19,781.04,780.82,781.72
"1821-01-24",1821,1,24,781.42,780.89,780.14,780.29
"1821-01-25",1821,1,25,780.07,779.69,779.02,779.09
"1821-01-26",1821,1,26,779.02,777.89,776.92,NA
"1821-01-27",1821,1,27,775.04,774.52,772.64,773.02
"1821-01-28",1821,1,28,772.12,772.12,771.59,772.42
"1821-01-30",1821,1,30,776.17,775.94,775.27,776.09
"1821-01-31",1821,1,31,778.27,778.12,778.04,778.94
"1821-02-01",1821,2,1,779.39,NA,778.27,777.52
"1821-02-02",1821,2,2,775.42,NA,774.52,776.39
"1821-02-03",1821,2,3,776.32,775.79,774.14,772.79
"1821-02-04",1821,2,4,768.97,767.54,766.49,768.52
"1821-02-06",1821,2,6,788.24,787.87,787.04,786.89
"1821-02-07",1821,2,7,786.59,NA,785.09,785.32
"1821-02-08",1821,2,8,781.72,779.39,777.52,775.27
"1821-02-09",1821,2,9,767.62,767.09,764.84,765.89
"1821-02-10",1821,2,10,768.44,769.34,769.42,771.59
"1821-02-11",1821,2,11,772.04,770.99,768.52,769.57
"1821-02-12",1821,2,12,770.69,770.77,770.24,771.37
"1821-02-13",1821,2,13,772.04,771.89,771.44,771.89
"1821-02-14",1821,2,14,772.49,773.09,772.57,772.57
"1821-02-15",1821,2,15,774.67,774.67,774.29,776.09
"1821-02-16",1821,2,16,777.59,777.44,776.99,774.59
"1821-02-17",1821,2,17,774.97,773.99,772.64,768.59
"1821-02-18",1821,2,18,768.89,768.97,768.59,NA
"1821-02-19",1821,2,19,771.29,771.52,771.14,771.67
"1821-02-20",1821,2,20,771.29,770.99,770.02,768.97
"1821-02-21",1821,2,21,769.34,769.72,769.42,770.24
"1821-02-22",1821,2,22,770.69,771.52,771.44,773.17
"1821-02-23",1821,2,23,773.32,772.57,770.84,770.62
"1821-02-24",1821,2,24,768.59,767.47,766.27,763.56
"1821-02-25",1821,2,25,765.89,765.37,764.31,763.56
"1821-02-26",1821,2,26,763.94,764.46,764.16,764.54
"1821-02-27",1821,2,27,762.14,760.34,758.84,755.76
"1821-02-28",1821,2,28,749.54,748.26,747.96,751.11
"1821-03-01",1821,3,1,751.71,752.24,752.61,756.21
"1821-03-02",1821,3,2,764.46,764.92,764.16,763.64
"1821-03-03",1821,3,3,762.96,762.36,761.16,759.36
"1821-03-04",1821,3,4,759.74,758.09,757.56,758.16
"1821-03-05",1821,3,5,759.44,760.41,761.24,763.56
"1821-03-06",1821,3,6,760.49,760.86,758.24,756.81
"1821-03-07",1821,3,7,757.34,758.16,757.94,756.06
"1821-03-08",1821,3,8,747.14,750.74,752.24,754.11
"1821-03-09",1821,3,9,758.61,759.36,758.99,758.69
"1821-03-10",1821,3,10,759.29,759.44,759.74,761.84
"1821-03-11",1821,3,11,762.81,762.74,762.44,764.54
"1821-03-12",1821,3,12,765.59,765.59,765.07,766.19
"1821-03-13",1821,3,13,766.94,766.19,764.99,764.54
"1821-03-14",1821,3,14,764.61,765.07,765.44,769.57
"1821-03-16",1821,3,16,772.12,771.22,769.04,768.67
"1821-03-17",1821,3,17,766.04,764.84,762.81,760.86
"1821-03-18",1821,3,18,756.89,756.74,756.36,754.49
"1821-03-19",1821,3,19,748.71,748.04,747.81,NA
"1821-03-20",1821,3,20,750.44,750.36,749.54,750.59
"1821-03-21",1821,3,21,747.29,746.16,745.86,747.81
"1821-03-22",1821,3,22,753.29,754.64,755.24,NA
"1821-03-23",1821,3,23,765.67,766.12,765.97,767.24
"1821-03-24",1821,3,24,765.37,763.41,761.61,758.91
"1821-03-25",1821,3,25,752.99,751.56,750.81,754.41
"1821-03-26",1821,3,26,759.81,758.76,756.81,754.11
"1821-03-27",1821,3,27,752.09,753.36,754.11,755.39
"1821-03-28",1821,3,28,748.26,746.61,745.34,745.11
"1821-03-29",1821,3,29,745.94,747.81,748.34,752.61
"1821-03-30",1821,3,30,758.09,758.24,758.01,758.76
"1821-03-31",1821,3,31,755.54,754.26,753.44,753.89
"1821-04-01",1821,4,1,757.56,757.79,757.26,757.26
"1821-04-02",1821,4,2,753.36,753.59,752.91,753.06
"1821-04-03",1821,4,3,755.46,755.76,754.71,754.56
"1821-04-04",1821,4,4,748.26,745.79,744.14,747.66
"1821-04-05",1821,4,5,752.09,752.69,753.66,759.06
"1821-04-06",1821,4,6,766.49,767.09,767.24,770.24
"1821-04-07",1821,4,7,769.19,769.04,768.44,769.64
"1821-04-08",1821,4,8,769.12,768.97,767.84,767.62
"1821-04-09",1821,4,9,764.54,762.66,760.41,760.64
"1821-04-10",1821,4,10,759.36,758.61,757.71,758.99
"1821-04-11",1821,4,11,759.89,759.29,757.79,757.11
"1821-04-12",1821,4,12,754.49,754.26,754.34,NA
"1821-04-13",1821,4,13,754.11,755.09,756.14,760.11
"1821-04-14",1821,4,14,760.94,758.39,755.61,755.54
"1821-04-15",1821,4,15,756.74,755.99,755.09,755.91
"1821-04-16",1821,4,16,751.94,751.04,750.06,749.16
"1821-04-17",1821,4,17,750.74,751.79,753.06,756.14
"1821-04-18",1821,4,18,760.64,760.64,760.94,763.04
"1821-04-19",1821,4,19,761.91,760.41,758.31,757.26
"1821-04-20",1821,4,20,755.01,754.26,753.81,755.31
"1821-04-21",1821,4,21,758.09,757.71,757.94,759.74
"1821-04-22",1821,4,22,760.79,759.44,757.56,755.61
"1821-04-23",1821,4,23,753.21,752.09,750.21,748.79
"1821-04-24",1821,4,24,753.36,753.44,753.21,754.86
"1821-04-25",1821,4,25,756.59,756.96,756.74,757.79
"1821-04-26",1821,4,26,756.21,755.46,754.26,756.36
"1821-04-27",1821,4,27,758.61,758.39,757.79,758.01
"1821-04-28",1821,4,28,757.79,757.19,756.21,755.69
"1821-04-29",1821,4,29,757.11,757.26,757.49,759.29
"1821-04-30",1821,4,30,762.44,762.51,762.36,763.11
"1821-05-01",1821,5,1,763.49,763.11,762.29,762.14
"1821-05-02",1821,5,2,761.16,760.86,760.26,759.96
"1821-05-03",1821,5,3,758.76,757.71,756.29,756.14
"1821-05-04",1821,5,4,757.41,756.89,755.39,756.89
"1821-05-05",1821,5,5,755.31,754.71,753.66,754.64
"1821-05-06",1821,5,6,755.16,756.29,757.04,759.21
"1821-05-07",1821,5,7,763.56,764.54,765.37,767.24
"1821-05-08",1821,5,8,768.52,768.14,768.22,769.12
"1821-05-09",1821,5,9,769.79,769.87,769.72,771.44
"1821-05-10",1821,5,10,772.79,772.42,771.29,771.44
"1821-05-11",1821,5,11,768.89,767.62,766.94,765.97
"1821-05-12",1821,5,12,763.71,763.11,762.06,759.66
"1821-05-13",1821,5,13,753.66,751.56,751.04,752.61
"1821-05-14",1821,5,14,752.31,752.31,752.69,753.51
"1821-05-15",1821,5,15,751.04,750.74,752.31,756.14
"1821-05-16",1821,5,16,762.44,762.96,763.71,766.19
"1821-05-17",1821,5,17,767.92,767.02,766.57,764.92
"1821-05-18",1821,5,18,763.86,764.09,764.99,768.52
"1821-05-19",1821,5,19,771.22,771.29,770.54,770.09
"1821-05-20",1821,5,20,767.69,767.62,767.39,767.09
"1821-05-21",1821,5,21,765.82,764.84,763.04,762.29
"1821-05-22",1821,5,22,761.61,761.09,760.26,759.36
"1821-05-23",1821,5,23,755.84,754.11,752.39,754.11
"1821-05-24",1821,5,24,760.11,761.01,761.84,764.69
"1821-05-25",1821,5,25,765.52,764.84,763.94,762.29
"1821-05-26",1821,5,26,759.59,759.21,759.21,760.34
"1821-05-27",1821,5,27,762.74,762.89,762.89,764.16
"1821-05-28",1821,5,28,766.72,767.02,767.47,768.89
"1821-05-29",1821,5,29,769.42,769.12,768.44,769.34
"1821-05-30",1821,5,30,768.82,768.14,766.94,766.42
"1821-05-31",1821,5,31,765.52,764.84,764.31,764.09
"1821-06-01",1821,6,1,764.77,764.77,764.31,765.14
"1821-06-02",1821,6,2,764.16,763.04,761.99,761.01
"1821-06-03",1821,6,3,760.34,NA,759.66,758.99
"1821-06-04",1821,6,4,756.14,755.54,755.61,755.69
"1821-06-05",1821,6,5,758.69,759.96,760.19,761.31
"1821-06-06",1821,6,6,764.92,765.37,765.44,764.84
"1821-06-07",1821,6,7,761.54,760.26,758.84,758.01
"1821-06-08",1821,6,8,755.76,756.06,755.76,755.99
"1821-06-09",1821,6,9,758.84,759.59,760.04,760.56
"1821-06-10",1821,6,10,759.81,759.59,759.81,761.09
"1821-06-11",1821,6,11,762.51,762.89,763.04,764.46
"1821-06-12",1821,6,12,767.54,768.07,768.89,770.02
"1821-06-13",1821,6,13,770.09,769.34,768.74,768.97
"1821-06-14",1821,6,14,769.27,769.27,769.19,770.32
"1821-06-15",1821,6,15,770.84,770.62,769.49,768.74
"1821-06-16",1821,6,16,767.47,767.47,767.32,767.77
"1821-06-17",1821,6,17,769.19,768.67,767.84,768.29
"1821-06-18",1821,6,18,769.87,769.49,769.19,768.74
"1821-06-19",1821,6,19,767.09,765.74,764.54,764.31
"1821-06-20",1821,6,20,763.41,762.66,762.36,762.89
"1821-06-21",1821,6,21,764.61,764.54,764.54,766.12
"1821-06-22",1821,6,22,767.47,767.62,766.87,767.47
"1821-06-23",1821,6,23,767.24,766.79,766.34,766.42
"1821-06-24",1821,6,24,765.89,765.44,765.14,765.37
"1821-06-25",1821,6,25,765.82,765.44,764.92,765.29
"1821-06-26",1821,6,26,764.99,763.56,762.74,762.59
"1821-06-27",1821,6,27,762.81,762.51,762.44,763.79
"1821-06-28",1821,6,28,767.02,766.94,766.87,768.29
"1821-06-29",1821,6,29,769.12,768.52,767.69,767.24
"1821-06-30",1821,6,30,764.99,764.16,762.66,760.79
"1821-07-01",1821,7,1,757.11,756.89,755.76,757.34
"1821-07-02",1821,7,2,758.01,758.54,758.09,758.16
"1821-07-03",1821,7,3,758.54,757.86,757.34,758.46
"1821-07-06",1821,7,6,765.67,764.46,764.01,761.91
"1821-07-07",1821,7,7,760.56,760.56,760.41,761.31
"1821-07-08",1821,7,8,762.29,762.14,762.59,764.77
"1821-07-09",1821,7,9,766.64,766.87,766.64,767.84
"1821-07-10",1821,7,10,768.07,768.14,768.52,768.37
"1821-07-11",1821,7,11,767.92,767.69,767.02,766.72
"1821-07-12",1821,7,12,764.92,764.92,764.31,763.64
"1821-07-14",1821,7,14,759.36,759.44,759.44,759.81
"1821-07-15",1821,7,15,760.19,759.89,758.99,759.51
"1821-07-16",1821,7,16,763.26,766.72,765.74,768.67
"1821-07-17",1821,7,17,771.74,771.52,771.44,772.27
"1821-07-18",1821,7,18,771.97,770.92,769.57,768.89
"1821-07-19",1821,7,19,765.67,764.61,763.19,762.44
"1821-07-20",1821,7,20,764.61,763.71,763.71,761.91
"1821-07-21",1821,7,21,762.29,762.36,761.31,761.46
"1821-07-22",1821,7,22,759.74,758.16,757.19,756.44
"1821-07-23",1821,7,23,758.39,758.16,757.79,760.64
"1821-07-24",1821,7,24,763.64,763.34,762.29,761.09
"1821-07-25",1821,7,25,761.09,762.74,763.86,765.52
"1821-07-26",1821,7,26,767.02,766.79,766.87,767.39
"1821-07-27",1821,7,27,767.09,766.57,766.57,767.02
"1821-07-28",1821,7,28,762.96,760.86,759.21,761.46
"1821-07-29",1821,7,29,766.94,766.87,766.49,767.02
"1821-07-31",1821,7,31,766.12,765.97,765.67,765.59
"1821-08-01",1821,8,1,763.26,762.51,761.69,762.66
"1821-08-02",1821,8,2,768.07,768.59,768.14,767.92
"1821-08-03",1821,8,3,767.24,766.87,766.34,766.42
"1821-08-04",1821,8,4,765.89,765.14,764.54,763.86
"1821-08-05",1821,8,5,762.59,762.21,761.46,762.21
"1821-08-06",1821,8,6,763.26,763.19,763.64,764.31
"1821-08-07",1821,8,7,765.89,765.89,765.67,765.29
"1821-08-08",1821,8,8,764.92,763.04,761.76,759.51
"1821-08-09",1821,8,9,755.84,756.06,755.16,756.14
"1821-08-10",1821,8,10,755.91,755.84,755.16,755.91
"1821-08-11",1821,8,11,758.16,758.46,758.54,760.41
"1821-08-12",1821,8,12,762.51,762.74,763.04,764.77
"1821-08-13",1821,8,13,765.89,765.44,764.54,764.61
"1821-08-14",1821,8,14,762.59,761.91,759.51,758.39
"1821-08-15",1821,8,15,762.89,762.44,764.16,766.27
"1821-08-16",1821,8,16,768.82,768.44,768.14,768.89
"1821-08-17",1821,8,17,769.49,768.74,767.17,766.42
"1821-08-18",1821,8,18,765.67,765.44,764.99,767.09
"1821-08-19",1821,8,19,768.52,768.22,767.32,767.17
"1821-08-20",1821,8,20,768.22,767.47,766.57,767.54
"1821-08-21",1821,8,21,767.32,766.49,765.89,765.89
"1821-08-22",1821,8,22,765.74,764.92,764.01,764.24
"1821-08-23",1821,8,23,763.26,762.44,761.54,761.54
"1821-08-24",1821,8,24,761.69,761.24,760.64,761.39
"1821-08-25",1821,8,25,763.19,763.19,761.91,763.04
"1821-08-26",1821,8,26,763.26,762.96,762.66,764.09
"1821-08-27",1821,8,27,765.37,764.99,764.09,764.31
"1821-08-28",1821,8,28,761.24,759.66,759.06,759.36
"1821-08-29",1821,8,29,757.34,756.81,756.66,758.54
"1821-08-30",1821,8,30,758.39,757.79,756.36,757.41
"1821-08-31",1821,8,31,758.16,758.69,759.14,761.99
"1821-09-01",1821,9,1,763.64,763.64,763.49,765.44
"1821-09-02",1821,9,2,767.39,767.24,766.49,766.04
"1821-09-03",1821,9,3,765.44,764.61,764.09,764.24
"1821-09-04",1821,9,4,763.34,762.89,762.06,762.21
"1821-09-05",1821,9,5,764.46,764.46,764.77,765.74
"1821-09-06",1821,9,6,766.27,764.69,763.56,761.84
"1821-09-07",1821,9,7,758.69,758.69,758.99,758.54
"1821-09-08",1821,9,8,755.46,756.14,756.66,759.89
"1821-09-09",1821,9,9,760.71,759.96,759.06,758.16
"1821-09-10",1821,9,10,760.64,760.49,760.79,763.11
"1821-09-11",1821,9,11,766.42,766.94,766.79,767.24
"1821-09-12",1821,9,12,763.34,761.09,760.04,761.39
"1821-09-13",1821,9,13,765.22,765.14,765.07,765.59
"1821-09-14",1821,9,14,763.56,763.86,763.41,765.59
"1821-09-15",1821,9,15,769.27,769.19,769.12,770.32
"1821-09-16",1821,9,16,771.67,771.44,770.77,770.62
"1821-09-17",1821,9,17,770.62,769.87,769.12,768.59
"1821-09-18",1821,9,18,766.57,765.29,764.16,763.64
"1821-09-19",1821,9,19,762.36,762.14,762.36,764.54
"1821-09-20",1821,9,20,765.37,764.54,763.41,762.14
"1821-09-21",1821,9,21,760.79,759.89,758.31,757.19
"1821-09-22",1821,9,22,756.74,757.49,757.41,757.79
"1821-09-23",1821,9,23,756.89,755.54,754.79,754.79
"1821-09-24",1821,9,24,756.74,757.41,758.46,761.69
"1821-09-25",1821,9,25,766.94,767.17,767.47,768.29
"1821-09-26",1821,9,26,768.67,767.84,767.02,767.32
"1821-09-27",1821,9,27,765.07,764.84,764.84,766.64
"1821-09-28",1821,9,28,765.97,765.14,763.34,760.34
"1821-09-29",1821,9,29,757.34,758.46,758.84,761.31
"1821-09-30",1821,9,30,763.64,764.39,764.24,765.22
"1821-10-01",1821,10,1,762.36,761.01,761.76,765.29
"1821-10-02",1821,10,2,771.44,770.02,769.72,770.32
"1821-10-03",1821,10,3,768.44,767.54,766.12,764.99
"1821-10-04",1821,10,4,760.49,758.91,756.81,755.99
"1821-10-05",1821,10,5,764.84,766.19,766.79,768.67
"1821-10-06",1821,10,6,769.72,769.57,768.97,769.87
"1821-10-07",1821,10,7,769.94,769.64,768.74,769.19
"1821-10-08",1821,10,8,767.32,766.94,766.94,769.94
"1821-10-09",1821,10,9,771.67,771.89,770.92,770.09
"1821-10-10",1821,10,10,766.94,764.77,763.04,761.24
"1821-10-11",1821,10,11,758.54,758.39,757.79,758.84
"1821-10-12",1821,10,12,761.91,762.21,762.89,765.82
"1821-10-13",1821,10,13,771.07,771.89,772.12,771.89
"1821-10-14",1821,10,14,773.84,772.94,771.89,771.82
"1821-10-15",1821,10,15,769.72,769.19,768.22,768.29
"1821-10-16",1821,10,16,767.32,766.87,766.12,767.69
"1821-10-17",1821,10,17,767.92,767.09,766.57,767.17
"1821-10-19",1821,10,19,763.04,762.51,760.71,759.51
"1821-10-20",1821,10,20,751.19,749.24,746.31,744.89
"1821-10-21",1821,10,21,748.11,748.04,748.11,748.49
"1821-10-22",1821,10,22,747.36,747.89,749.31,753.44
"1821-10-23",1821,10,23,753.89,752.99,750.89,751.41
"1821-10-24",1821,10,24,750.14,750.29,753.36,759.66
"1821-10-25",1821,10,25,766.94,767.62,767.32,767.62
"1821-10-26",1821,10,26,767.92,768.52,768.44,770.39
"1821-10-27",1821,10,27,772.19,772.04,771.52,772.19
"1821-10-28",1821,10,28,772.19,771.52,770.92,771.59
"1821-10-29",1821,10,29,772.12,771.67,771.07,770.92
"1821-10-30",1821,10,30,770.17,768.37,766.79,766.79
"1821-10-31",1821,10,31,766.34,766.57,766.12,768.07
"1821-11-01",1821,11,1,769.49,769.42,768.82,769.34
"1821-11-02",1821,11,2,768.97,768.74,768.14,768.07
"1821-11-03",1821,11,3,766.57,764.92,763.64,760.26
"1821-11-04",1821,11,4,752.84,752.16,752.31,756.96
"1821-11-05",1821,11,5,768.44,769.34,769.64,771.59
"1821-11-06",1821,11,6,773.84,773.69,773.54,774.22
"1821-11-07",1821,11,7,772.34,771.37,770.24,770.47
"1821-11-08",1821,11,8,769.94,769.49,768.67,769.12
"1821-11-09",1821,11,9,768.52,768.07,767.54,767.99
"1821-11-10",1821,11,10,769.57,769.72,769.12,770.39
"1821-11-11",1821,11,11,769.64,766.79,765.52,764.31
"1821-11-12",1821,11,12,764.54,765.59,765.74,766.12
"1821-11-13",1821,11,13,765.97,764.99,763.56,762.21
"1821-11-14",1821,11,14,762.21,762.06,762.06,762.14
"1821-11-15",1821,11,15,761.76,760.94,759.59,758.24
"1821-11-16",1821,11,16,758.99,756.59,755.99,756.59
"1821-11-17",1821,11,17,759.14,760.34,759.74,758.99
"1821-11-18",1821,11,18,761.46,763.56,764.69,767.39
"1821-11-19",1821,11,19,766.72,765.67,765.97,767.62
"1821-11-20",1821,11,20,768.44,767.02,764.84,762.29
"1821-11-21",1821,11,21,761.31,761.16,760.26,762.81
"1821-11-22",1821,11,22,761.76,759.06,757.26,760.04
"1821-11-23",1821,11,23,763.64,762.36,761.99,764.77
"1821-11-24",1821,11,24,763.79,761.84,760.86,762.36
"1821-11-25",1821,11,25,762.96,762.89,762.81,762.36
"1821-11-26",1821,11,26,757.94,756.14,754.04,753.74
"1821-11-27",1821,11,27,754.34,755.69,756.89,761.16
"1821-11-28",1821,11,28,766.27,765.89,765.07,764.31
"1821-11-29",1821,11,29,762.44,762.06,761.84,765.22
"1821-11-30",1821,11,30,764.54,765.52,765.29,760.94
"1821-12-01",1821,12,1,761.24,761.61,761.61,764.84
"1821-12-02",1821,12,2,766.42,765.97,764.77,768.74
"1821-12-03",1821,12,3,765.44,762.74,760.49,NA
"1821-12-04",1821,12,4,766.94,767.54,767.17,766.49
"1821-12-05",1821,12,5,765.29,764.92,764.61,765.97
"1821-12-06",1821,12,6,769.34,770.17,770.92,772.34
"1821-12-07",1821,12,7,768.89,767.02,765.14,764.39
"1821-12-08",1821,12,8,767.77,768.59,768.89,770.77
"1821-12-09",1821,12,9,770.84,770.39,769.64,769.94
"1821-12-10",1821,12,10,770.02,769.27,768.74,768.37
"1821-12-11",1821,12,11,770.02,771.07,771.97,774.22
"1821-12-12",1821,12,12,773.99,773.24,772.04,770.54
"1821-12-13",1821,12,13,767.09,766.72,766.49,767.92
"1821-12-14",1821,12,14,769.87,769.12,768.14,767.92
"1821-12-15",1821,12,15,767.77,766.64,766.49,765.97
"1821-12-16",1821,12,16,764.61,763.79,762.51,761.09
"1821-12-17",1821,12,17,758.46,757.71,757.41,754.19
"1821-12-18",1821,12,18,747.59,748.71,748.71,748.41
"1821-12-19",1821,12,19,749.09,749.01,749.69,751.19
"1821-12-20",1821,12,20,749.46,750.81,751.79,746.91
"1821-12-21",1821,12,21,744.59,746.54,749.39,753.59
"1821-12-22",1821,12,22,756.74,756.59,756.06,753.59
"1821-12-23",1821,12,23,747.29,750.89,751.71,752.61
"1821-12-24",1821,12,24,742.49,737.61,731.61,722.09
"1821-12-25",1821,12,25,725.61,729.21,731.69,732.36
"1821-12-26",1821,12,26,730.49,731.39,733.34,736.34
"1821-12-27",1821,12,27,745.26,745.64,746.01,748.26
"1821-12-28",1821,12,28,739.86,734.61,729.89,729.06
"1821-12-29",1821,12,29,732.21,734.76,736.26,742.19
"1821-12-30",1821,12,30,746.09,746.09,746.91,751.11
"1821-12-31",1821,12,31,761.54,763.04,764.24,766.72
"1822-01-01",1822,1,1,765.52,763.19,761.24,759.44
"1822-01-02",1822,1,2,758.01,757.71,758.01,760.34
"1822-01-03",1822,1,3,762.66,761.61,760.11,755.24
"1822-01-04",1822,1,4,746.16,745.11,744.06,745.56
"1822-01-05",1822,1,5,752.39,753.89,755.69,759.21
"1822-01-06",1822,1,6,762.89,762.89,762.89,764.69
"1822-01-07",1822,1,7,763.64,763.26,763.41,764.54
"1822-01-08",1822,1,8,767.09,767.17,767.32,767.54
"1822-01-09",1822,1,9,766.42,766.72,767.39,769.34
"1822-01-10",1822,1,10,770.54,770.09,769.49,769.49
"1822-01-11",1822,1,11,771.44,771.97,772.27,773.39
"1822-01-12",1822,1,12,774.29,774.22,774.52,776.32
"1822-01-13",1822,1,13,775.94,775.27,774.97,774.52
"1822-01-14",1822,1,14,773.32,773.17,773.17,772.64
"1822-01-15",1822,1,15,767.17,767.99,768.22,769.04
"1822-01-16",1822,1,16,769.12,767.77,766.49,766.94
"1822-01-17",1822,1,17,769.42,769.64,770.17,771.07
"1822-01-18",1822,1,18,775.04,775.34,775.27,776.62
"1822-01-19",1822,1,19,777.14,776.99,776.84,777.29
"1822-01-20",1822,1,20,774.89,773.77,773.39,773.09
"1822-01-21",1822,1,21,773.69,773.99,774.07,776.09
"1822-01-22",1822,1,22,777.97,777.89,777.14,776.69
"1822-01-23",1822,1,23,774.37,773.24,771.89,771.14
"1822-01-24",1822,1,24,767.09,766.19,764.69,763.79
"1822-01-25",1822,1,25,765.44,766.34,766.12,767.69
"1822-01-26",1822,1,26,768.22,766.57,765.89,767.47
"1822-01-27",1822,1,27,771.74,772.49,772.94,774.52
"1822-01-28",1822,1,28,772.94,771.44,770.24,770.09
"1822-01-29",1822,1,29,770.09,770.09,769.49,770.32
"1822-01-30",1822,1,30,772.27,772.42,772.64,774.07
"1822-01-31",1822,1,31,775.57,775.27,774.37,775.12
"1822-02-01",1822,2,1,773.69,772.42,770.24,NA
"1822-02-02",1822,2,2,768.97,768.07,765.82,763.79
"1822-02-03",1822,2,3,758.31,757.26,756.06,756.89
"1822-02-04",1822,2,4,762.59,761.91,760.11,755.31
"1822-02-05",1822,2,5,756.14,756.44,757.34,761.99
"1822-02-06",1822,2,6,771.14,771.67,770.77,769.79
"1822-02-07",1822,2,7,766.19,765.89,765.37,765.37
"1822-02-08",1822,2,8,765.59,766.12,766.19,767.62
"1822-02-09",1822,2,9,767.62,766.79,766.34,766.27
"1822-02-10",1822,2,10,764.84,763.19,762.14,762.66
"1822-02-11",1822,2,11,767.92,768.29,768.59,769.94
"1822-02-12",1822,2,12,771.82,771.07,769.57,769.72
"1822-02-13",1822,2,13,768.52,767.17,767.09,767.99
"1822-02-14",1822,2,14,768.74,768.37,767.69,768.82
"1822-02-15",1822,2,15,769.64,769.57,768.89,768.52
"1822-02-16",1822,2,16,775.04,775.42,775.57,777.22
"1822-02-17",1822,2,17,777.44,777.07,776.54,777.37
"1822-02-18",1822,2,18,777.52,776.84,775.72,776.32
"1822-02-19",1822,2,19,776.09,775.94,775.19,774.74
"1822-02-20",1822,2,20,770.32,768.67,766.57,763.94
"1822-02-21",1822,2,21,772.34,773.84,774.44,777.74
"1822-02-22",1822,2,22,777.22,775.72,773.84,772.42
"1822-02-23",1822,2,23,773.39,773.77,773.24,774.37
"1822-02-24",1822,2,24,775.12,774.59,773.77,774.44
"1822-02-25",1822,2,25,774.74,774.29,773.77,773.24
"1822-02-26",1822,2,26,771.07,769.87,769.42,770.99
"1822-02-27",1822,2,27,777.52,779.17,780.22,782.99
"1822-02-28",1822,2,28,783.14,780.44,778.34,775.94
"1822-03-01",1822,3,1,773.24,772.57,771.74,773.17
"1822-03-02",1822,3,2,774.74,774.37,773.62,774.67
"1822-03-03",1822,3,3,774.97,774.07,772.19,771.97
"1822-03-04",1822,3,4,768.89,767.99,766.94,767.99
"1822-03-05",1822,3,5,768.67,768.52,767.92,768.67
"1822-03-06",1822,3,6,765.59,764.31,762.21,759.74
"1822-03-07",1822,3,7,759.06,757.56,756.06,758.39
"1822-03-08",1822,3,8,762.59,761.16,758.54,756.74
"1822-03-09",1822,3,9,759.59,761.46,762.29,763.04
"1822-03-10",1822,3,10,763.04,762.89,761.69,762.14
"1822-03-11",1822,3,11,765.52,765.29,765.89,769.64
"1822-03-12",1822,3,12,775.12,NA,774.67,775.19
"1822-03-13",1822,3,13,770.99,769.12,766.57,765.82
"1822-03-14",1822,3,14,765.14,764.99,764.84,766.72
"1822-03-15",1822,3,15,769.94,770.24,769.79,771.89
"1822-03-16",1822,3,16,772.12,771.74,771.14,773.17
"1822-03-17",1822,3,17,774.74,774.14,773.77,772.87
"1822-03-18",1822,3,18,771.22,773.02,773.92,776.24
"1822-03-19",1822,3,19,774.97,774.44,772.94,774.29
"1822-03-20",1822,3,20,773.99,773.62,772.12,773.02
"1822-03-21",1822,3,21,772.12,770.99,769.27,768.59
"1822-03-22",1822,3,22,773.32,774.59,774.59,775.72
"1822-03-23",1822,3,23,773.84,771.82,768.82,765.14
"1822-03-24",1822,3,24,757.86,757.26,756.66,760.79
"1822-03-25",1822,3,25,764.09,763.79,762.44,762.29
"1822-03-26",1822,3,26,770.84,770.69,770.17,771.37
"1822-03-27",1822,3,27,771.67,770.54,769.12,768.07
"1822-03-28",1822,3,28,766.72,766.19,765.59,767.02
"1822-03-29",1822,3,29,776.24,776.54,775.79,775.42
"1822-03-30",1822,3,30,763.71,758.46,753.44,755.84
"1822-03-31",1822,3,31,767.92,768.67,769.64,772.27
"1822-04-01",1822,4,1,771.59,770.92,770.47,770.92
"1822-04-02",1822,4,2,767.99,768.59,768.89,771.74
"1822-04-03",1822,4,3,773.92,773.47,772.42,772.34
"1822-04-04",1822,4,4,770.39,770.02,768.74,769.12
"1822-04-05",1822,4,5,766.94,766.27,765.07,764.69
"1822-04-06",1822,4,6,763.04,761.99,761.01,761.76
"1822-04-07",1822,4,7,762.66,762.66,762.74,764.24
"1822-04-08",1822,4,8,764.01,763.41,762.66,762.89
"1822-04-09",1822,4,9,763.19,762.81,762.21,762.96
"1822-04-10",1822,4,10,761.91,760.94,759.89,761.01
"1822-04-11",1822,4,11,760.41,758.84,756.96,756.44
"1822-04-12",1822,4,12,757.19,758.46,759.36,762.51
"1822-04-13",1822,4,13,765.44,765.59,765.37,765.37
"1822-04-14",1822,4,14,764.31,763.41,762.29,762.36
"1822-04-15",1822,4,15,762.81,761.84,760.86,761.39
"1822-04-16",1822,4,16,762.59,761.91,761.31,762.06
"1822-04-17",1822,4,17,761.16,759.89,757.79,756.89
"1822-04-18",1822,4,18,753.81,753.74,753.89,756.74
"1822-04-19",1822,4,19,758.54,758.46,758.54,759.21
"1822-04-20",1822,4,20,759.59,759.06,758.31,758.84
"1822-04-21",1822,4,21,757.86,756.59,754.11,753.89
"1822-04-22",1822,4,22,750.29,751.86,749.91,749.76
"1822-04-23",1822,4,23,750.59,751.86,751.94,755.01
"1822-04-24",1822,4,24,759.21,759.21,758.31,759.96
"1822-04-25",1822,4,25,760.56,759.96,759.89,760.11
"1822-04-26",1822,4,26,765.07,765.97,766.79,768.59
"1822-04-27",1822,4,27,768.67,768.07,767.47,769.34
"1822-04-28",1822,4,28,771.14,770.77,769.87,769.72
"1822-04-29",1822,4,29,768.67,768.67,766.72,767.39
"1822-04-30",1822,4,30,766.94,766.49,765.89,766.49
"1822-05-01",1822,5,1,768.52,767.92,766.87,767.39
"1822-05-02",1822,5,2,766.87,766.12,764.84,764.84
"1822-05-03",1822,5,3,762.44,760.34,757.71,755.84
"1822-05-04",1822,5,4,754.49,754.86,755.09,755.84
"1822-05-05",1822,5,5,756.81,756.89,756.14,757.26
"1822-05-06",1822,5,6,757.49,757.26,756.44,756.96
"1822-05-07",1822,5,7,757.19,757.34,757.26,757.71
"1822-05-08",1822,5,8,757.79,758.24,758.31,757.26
"1822-05-09",1822,5,9,754.04,753.29,749.61,750.59
"1822-05-10",1822,5,10,748.49,748.34,748.49,750.06
"1822-05-11",1822,5,11,752.99,753.66,753.66,753.59
"1822-05-12",1822,5,12,752.24,752.69,753.44,754.94
"1822-05-13",1822,5,13,755.61,755.69,755.84,757.26
"1822-05-14",1822,5,14,758.61,758.69,758.24,759.21
"1822-05-15",1822,5,15,760.26,760.26,759.89,760.86
"1822-05-16",1822,5,16,762.14,761.24,760.71,761.09
"1822-05-17",1822,5,17,761.16,760.71,759.51,761.54
"1822-05-18",1822,5,18,762.96,763.11,763.41,764.24
"1822-05-19",1822,5,19,764.99,764.69,763.71,764.77
"1822-05-20",1822,5,20,766.12,765.52,767.17,767.32
"1822-05-21",1822,5,21,768.67,768.44,767.99,769.57
"1822-05-22",1822,5,22,769.64,769.19,768.22,768.14
"1822-05-23",1822,5,23,767.02,766.34,765.07,764.54
"1822-05-24",1822,5,24,762.06,761.39,760.19,760.34
"1822-05-25",1822,5,25,760.49,760.56,760.11,761.76
"1822-05-26",1822,5,26,763.04,762.89,763.26,765.44
"1822-05-27",1822,5,27,768.52,768.44,767.84,768.22
"1822-05-28",1822,5,28,768.97,769.72,769.42,770.17
"1822-05-29",1822,5,29,770.84,770.09,769.87,770.77
"1822-05-30",1822,5,30,771.07,770.92,769.79,769.94
"1822-05-31",1822,5,31,771.07,770.92,769.79,770.47
"1822-06-01",1822,6,1,769.34,768.52,767.39,768.59
"1822-06-02",1822,6,2,768.44,768.44,767.84,767.84
"1822-06-03",1822,6,3,767.62,767.47,766.94,766.87
"1822-06-04",1822,6,4,766.94,766.79,765.97,766.12
"1822-06-05",1822,6,5,765.59,765.37,764.16,764.99
"1822-06-06",1822,6,6,764.92,764.31,763.49,764.01
"1822-06-07",1822,6,7,764.69,764.31,764.54,763.79
"1822-06-08",1822,6,8,762.89,762.06,761.01,760.19
"1822-06-09",1822,6,9,760.71,760.41,760.64,761.91
"1822-06-10",1822,6,10,761.24,760.79,761.31,763.86
"1822-06-11",1822,6,11,765.14,764.84,763.19,764.39
"1822-06-12",1822,6,12,764.46,764.61,764.16,765.44
"1822-06-13",1822,6,13,766.57,766.12,765.37,764.69
"1822-06-14",1822,6,14,762.51,761.39,759.51,756.59
"1822-06-15",1822,6,15,756.59,757.19,755.99,756.96
"1822-06-16",1822,6,16,759.51,760.41,760.19,761.61
"1822-06-17",1822,6,17,766.42,766.72,766.57,768.22
"1822-06-18",1822,6,18,767.99,766.94,765.74,763.86
"1822-06-19",1822,6,19,760.79,760.26,758.99,759.96
"1822-06-20",1822,6,20,761.61,761.09,762.59,764.61
"1822-06-21",1822,6,21,766.72,766.64,766.19,766.34
"1822-06-22",1822,6,22,765.37,765.29,764.99,765.07
"1822-06-23",1822,6,23,764.84,764.69,764.69,766.42
"1822-06-24",1822,6,24,767.32,767.02,766.49,767.32
"1822-06-25",1822,6,25,768.07,767.84,766.94,767.24
"1822-06-26",1822,6,26,765.52,764.84,763.94,764.09
"1822-06-27",1822,6,27,765.67,766.27,765.97,768.82
"1822-06-28",1822,6,28,770.02,768.67,767.69,766.34
"1822-06-29",1822,6,29,765.22,765.37,766.34,767.54
"1822-06-30",1822,6,30,766.94,765.97,764.69,764.16
"1822-07-01",1822,7,1,767.39,767.47,767.54,768.07
"1822-07-02",1822,7,2,765.74,764.39,762.36,761.54
"1822-07-03",1822,7,3,762.66,764.16,764.16,765.37
"1822-07-04",1822,7,4,764.39,764.01,762.81,761.01
"1822-07-05",1822,7,5,758.69,757.79,758.01,759.36
"1822-07-06",1822,7,6,761.24,761.09,760.56,761.61
"1822-07-07",1822,7,7,765.29,765.67,765.97,767.62
"1822-07-08",1822,7,8,768.74,768.74,768.37,768.89
"1822-07-09",1822,7,9,768.52,767.24,766.42,765.82
"1822-07-10",1822,7,10,764.16,763.11,762.51,762.06
"1822-07-11",1822,7,11,762.51,761.54,759.89,757.11
"1822-07-12",1822,7,12,753.89,753.96,753.96,755.46
"1822-07-13",1822,7,13,760.71,761.69,762.14,763.71
"1822-07-14",1822,7,14,764.84,764.39,763.26,763.56
"1822-07-15",1822,7,15,761.84,760.34,759.29,758.84
"1822-07-16",1822,7,16,757.26,756.89,756.36,757.94
"1822-07-17",1822,7,17,758.46,757.94,757.86,758.09
"1822-07-18",1822,7,18,758.39,757.34,755.54,755.09
"1822-07-19",1822,7,19,753.66,753.81,753.74,754.64
"1822-07-20",1822,7,20,755.91,755.61,755.69,756.96
"1822-07-21",1822,7,21,757.19,756.81,756.21,758.16
"1822-07-22",1822,7,22,761.16,761.54,761.99,763.11
"1822-07-23",1822,7,23,761.91,760.64,759.89,758.99
"1822-07-24",1822,7,24,757.94,758.24,757.79,759.29
"1822-07-25",1822,7,25,760.79,760.11,759.89,760.34
"1822-07-26",1822,7,26,760.19,759.29,758.76,758.76
"1822-07-27",1822,7,27,761.09,760.79,760.19,760.11
"1822-07-28",1822,7,28,757.56,756.59,755.99,757.26
"1822-07-29",1822,7,29,756.06,754.79,753.21,756.44
"1822-07-30",1822,7,30,756.66,755.61,755.46,757.64
"1822-07-31",1822,7,31,761.54,761.24,760.71,761.16
"1822-08-01",1822,8,1,763.71,763.41,762.74,761.99
"1822-08-02",1822,8,2,759.74,759.74,760.41,763.49
"1822-08-03",1822,8,3,766.04,765.67,764.84,764.39
"1822-08-04",1822,8,4,761.16,759.89,758.91,758.69
"1822-08-05",1822,8,5,759.59,759.81,759.96,761.99
"1822-08-06",1822,8,6,764.84,764.92,764.54,766.19
"1822-08-07",1822,8,7,767.92,767.54,766.87,766.72
"1822-08-08",1822,8,8,764.54,763.26,761.91,761.76
"1822-08-09",1822,8,9,761.01,760.79,760.49,761.99
"1822-08-10",1822,8,10,762.14,761.54,760.64,761.24
"1822-08-11",1822,8,11,761.46,761.09,760.26,760.49
"1822-08-12",1822,8,12,760.34,760.34,760.49,761.91
"1822-08-13",1822,8,13,764.77,764.54,764.09,765.44
"1822-08-14",1822,8,14,764.54,763.11,760.56,759.06
"1822-08-15",1822,8,15,761.46,762.44,763.41,765.82
"1822-08-16",1822,8,16,767.54,767.54,767.24,768.74
"1822-08-17",1822,8,17,771.22,770.54,769.64,770.32
"1822-08-18",1822,8,18,769.34,768.22,767.17,767.02
"1822-08-19",1822,8,19,766.64,765.97,764.69,764.84
"1822-08-20",1822,8,20,765.14,764.31,763.71,764.09
"1822-08-21",1822,8,21,763.19,762.59,763.19,762.66
"1822-08-22",1822,8,22,762.14,761.76,760.86,761.91
"1822-08-23",1822,8,23,763.34,763.19,762.66,763.79
"1822-08-24",1822,8,24,762.96,761.76,760.11,759.36
"1822-08-25",1822,8,25,759.89,760.34,760.34,760.64
"1822-08-26",1822,8,26,759.59,758.54,758.54,760.41
"1822-08-27",1822,8,27,759.14,758.91,757.71,758.39
"1822-08-28",1822,8,28,759.06,758.16,756.74,755.84
"1822-08-29",1822,8,29,757.11,757.71,757.64,760.41
"1822-08-30",1822,8,30,763.04,762.21,760.56,761.31
"1822-08-31",1822,8,31,763.04,762.89,762.51,763.56
"1822-09-01",1822,9,1,766.12,766.94,765.74,767.47
"1822-09-02",1822,9,2,768.82,769.04,767.62,767.39
"1822-09-03",1822,9,3,766.12,765.44,764.54,766.04
"1822-09-04",1822,9,4,767.99,767.92,767.47,768.07
"1822-09-05",1822,9,5,766.19,764.77,763.19,762.66
"1822-09-06",1822,9,6,762.51,761.61,760.34,761.46
"1822-09-07",1822,9,7,766.94,767.24,766.79,766.49
"1822-09-08",1822,9,8,765.44,764.39,763.41,764.31
"1822-09-09",1822,9,9,765.82,765.59,765.82,766.42
"1822-09-10",1822,9,10,768.22,768.82,768.52,769.04
"1822-09-11",1822,9,11,765.82,763.86,762.81,761.61
"1822-09-12",1822,9,12,765.07,764.77,763.49,762.14
"1822-09-13",1822,9,13,760.26,760.49,761.09,765.14
"1822-09-14",1822,9,14,767.54,766.64,765.89,764.77
"1822-09-15",1822,9,15,763.71,763.94,763.56,764.77
"1822-09-16",1822,9,16,766.49,766.42,765.89,766.49
"1822-09-17",1822,9,17,765.44,764.31,763.71,763.49
"1822-09-18",1822,9,18,763.04,762.59,761.91,762.74
"1822-09-19",1822,9,19,764.01,763.34,762.06,761.46
"1822-09-20",1822,9,20,760.34,759.36,758.69,758.76
"1822-09-21",1822,9,21,757.41,757.04,756.96,758.31
"1822-09-22",1822,9,22,760.64,760.26,759.51,761.76
"1822-09-23",1822,9,23,762.14,760.79,759.06,756.21
"1822-09-24",1822,9,24,751.86,750.51,748.26,747.21
"1822-09-25",1822,9,25,749.16,749.91,749.69,751.34
"1822-09-26",1822,9,26,753.51,755.24,756.66,760.41
"1822-09-27",1822,9,27,763.71,764.69,764.99,766.42
"1822-09-28",1822,9,28,765.89,765.22,764.61,764.69
"1822-09-29",1822,9,29,762.74,762.74,762.51,762.44
"1822-09-30",1822,9,30,761.24,760.04,758.46,NA
"1822-10-01",1822,10,1,754.94,755.01,755.01,758.16
"1822-10-02",1822,10,2,760.19,759.74,758.91,758.31
"1822-10-03",1822,10,3,758.39,758.54,758.16,758.39
"1822-10-04",1822,10,4,760.11,759.81,759.21,760.19
"1822-10-05",1822,10,5,760.49,759.44,757.79,755.61
"1822-10-06",1822,10,6,758.99,759.51,760.26,761.24
"1822-10-07",1822,10,7,759.29,759.21,760.26,761.46
"1822-10-08",1822,10,8,760.19,759.81,759.89,762.89
"1822-10-09",1822,10,9,763.49,761.69,760.26,760.79
"1822-10-10",1822,10,10,765.67,766.34,766.34,768.22
"1822-10-11",1822,10,11,771.59,771.37,770.62,770.09
"1822-10-12",1822,10,12,765.44,763.56,761.01,759.21
"1822-10-13",1822,10,13,757.41,756.74,755.76,755.69
"1822-10-14",1822,10,14,751.41,755.09,758.84,763.19
"1822-10-15",1822,10,15,764.24,763.04,760.94,758.31
"1822-10-16",1822,10,16,752.54,751.41,750.89,748.34
"1822-10-17",1822,10,17,743.91,742.79,744.44,747.81
"1822-10-18",1822,10,18,754.86,756.74,757.64,758.31
"1822-10-19",1822,10,19,758.99,758.69,758.61,759.81
"1822-10-20",1822,10,20,760.49,759.29,757.64,757.11
"1822-10-21",1822,10,21,758.39,758.54,758.01,758.69
"1822-10-22",1822,10,22,760.64,760.86,760.56,760.94
"1822-10-23",1822,10,23,757.11,755.46,754.11,752.84
"1822-10-25",1822,10,25,754.41,754.71,755.24,755.99
"1822-10-26",1822,10,26,754.79,753.74,752.24,751.71
"1822-10-27",1822,10,27,756.06,756.81,756.66,NA
"1822-10-28",1822,10,28,759.44,759.89,760.41,763.56
"1822-10-29",1822,10,29,766.27,766.12,765.82,766.57
"1822-10-30",1822,10,30,766.19,765.59,764.01,762.59
"1822-10-31",1822,10,31,760.56,760.26,759.66,762.51
"1822-11-01",1822,11,1,767.17,767.09,765.52,765.59
"1822-11-02",1822,11,2,763.41,762.59,762.51,764.84
"1822-11-03",1822,11,3,767.77,768.22,768.22,769.79
"1822-11-04",1822,11,4,773.24,773.09,773.17,774.14
"1822-11-05",1822,11,5,774.74,774.14,773.77,773.69
"1822-11-06",1822,11,6,773.54,772.72,771.67,769.64
"1822-11-07",1822,11,7,765.37,764.61,763.49,762.81
"1822-11-08",1822,11,8,762.89,762.44,761.69,762.06
"1822-11-09",1822,11,9,763.04,763.26,762.44,761.01
"1822-11-10",1822,11,10,756.96,759.21,760.64,765.44
"1822-11-11",1822,11,11,771.37,771.82,772.27,773.02
"1822-11-12",1822,11,12,772.04,770.99,769.19,767.62
"1822-11-13",1822,11,13,762.89,761.09,758.99,757.11
"1822-11-14",1822,11,14,754.19,754.79,756.06,757.71
"1822-11-15",1822,11,15,752.16,752.61,754.19,756.81
"1822-11-16",1822,11,16,750.59,750.81,750.59,753.66
"1822-11-17",1822,11,17,760.56,760.71,760.71,761.39
"1822-11-18",1822,11,18,762.81,762.66,762.06,763.34
"1822-11-19",1822,11,19,767.32,767.24,765.44,764.24
"1822-11-20",1822,11,20,762.36,760.86,760.04,759.74
"1822-11-21",1822,11,21,760.34,762.36,762.06,764.09
"1822-11-22",1822,11,22,768.59,767.99,766.42,764.24
"1822-11-23",1822,11,23,762.51,762.59,762.29,764.31
"1822-11-24",1822,11,24,766.64,765.29,763.34,760.34
"1822-11-25",1822,11,25,758.16,757.41,756.66,757.11
"1822-11-26",1822,11,26,759.51,759.89,760.11,759.59
"1822-11-27",1822,11,27,759.29,759.51,760.04,761.61
"1822-11-28",1822,11,28,758.61,754.64,752.84,751.56
"1822-11-29",1822,11,29,754.71,754.11,752.61,751.34
"1822-11-30",1822,11,30,753.36,754.41,755.01,756.59
"1822-12-01",1822,12,1,757.26,755.84,753.14,749.31
"1822-12-02",1822,12,2,745.04,744.44,743.54,741.36
"1822-12-03",1822,12,3,744.06,746.24,748.04,753.14
"1822-12-04",1822,12,4,760.26,759.14,758.31,754.34
"1822-12-05",1822,12,5,760.86,763.11,763.34,758.76
"1822-12-06",1822,12,6,756.59,757.71,758.69,761.54
"1822-12-07",1822,12,7,764.84,765.44,765.74,768.29
"1822-12-08",1822,12,8,773.09,773.69,773.39,774.67
"1822-12-09",1822,12,9,774.37,773.69,773.09,772.94
"1822-12-10",1822,12,10,774.67,775.19,775.79,777.07
"1822-12-11",1822,12,11,778.64,778.19,777.37,777.67
"1822-12-12",1822,12,12,776.17,775.49,774.59,773.99
"1822-12-13",1822,12,13,773.24,772.49,772.42,772.12
"1822-12-14",1822,12,14,771.29,770.17,769.49,768.74
"1822-12-15",1822,12,15,766.94,765.97,765.14,765.74
"1822-12-16",1822,12,16,768.44,769.04,769.27,771.67
"1822-12-17",1822,12,17,774.89,774.97,774.67,773.62
"1822-12-18",1822,12,18,771.89,770.99,769.87,767.02
"1822-12-19",1822,12,19,765.97,766.49,766.27,768.44
"1822-12-20",1822,12,20,769.27,768.52,768.14,769.12
"1822-12-21",1822,12,21,768.29,767.47,766.79,765.97
"1822-12-23",1822,12,23,763.94,763.56,762.96,763.34
"1822-12-24",1822,12,24,764.84,765.44,765.67,767.84
"1822-12-25",1822,12,25,771.67,771.82,772.27,773.69
"1822-12-26",1822,12,26,774.89,773.84,773.62,773.99
"1822-12-27",1822,12,27,773.99,773.84,773.54,773.84
"1822-12-28",1822,12,28,772.87,772.34,771.97,771.89
"1822-12-29",1822,12,29,769.87,768.44,766.72,764.69
"1822-12-30",1822,12,30,758.84,758.09,758.01,758.84
"1822-12-31",1822,12,31,757.49,757.19,757.34,758.84
"1823-01-01",1823,1,1,760.41,759.89,759.59,760.41
"1823-01-02",1823,1,2,762.74,762.44,762.21,762.89
"1823-01-03",1823,1,3,764.77,764.16,763.26,762.44
"1823-01-04",1823,1,4,760.94,759.89,759.81,759.81
"1823-01-05",1823,1,5,759.51,760.04,760.11,762.29
"1823-01-06",1823,1,6,764.77,764.39,764.84,765.07
"1823-01-07",1823,1,7,766.19,766.19,766.34,767.39
"1823-01-08",1823,1,8,768.22,767.69,767.47,766.94
"1823-01-09",1823,1,9,764.77,763.64,762.44,761.46
"1823-01-11",1823,1,11,759.81,759.36,759.51,759.96
"1823-01-12",1823,1,12,760.04,758.76,758.31,758.01
"1823-01-13",1823,1,13,757.11,756.44,756.44,757.19
"1823-01-14",1823,1,14,757.86,757.26,756.74,753.51
"1823-01-15",1823,1,15,746.46,747.74,749.54,751.49
"1823-01-16",1823,1,16,751.86,751.11,750.29,750.06
"1823-01-17",1823,1,17,750.96,750.81,750.51,750.29
"1823-01-18",1823,1,18,750.59,750.21,749.69,750.59
"1823-01-19",1823,1,19,753.74,753.59,754.49,756.14
"1823-01-20",1823,1,20,757.56,757.64,757.79,758.54
"1823-01-21",1823,1,21,760.41,760.79,761.46,762.36
"1823-01-22",1823,1,22,762.96,762.36,761.09,762.36
"1823-01-23",1823,1,23,757.94,755.84,754.19,753.66
"1823-01-24",1823,1,24,755.99,757.04,757.94,760.11
"1823-01-25",1823,1,25,758.31,756.89,755.01,755.69
"1823-01-26",1823,1,26,760.19,760.19,757.71,757.49
"1823-01-27",1823,1,27,759.51,758.24,756.36,756.21
"1823-01-28",1823,1,28,758.01,756.96,756.06,752.76
"1823-01-29",1823,1,29,749.84,749.91,749.09,751.26
"1823-01-30",1823,1,30,754.56,754.79,754.64,752.39
"1823-01-31",1823,1,31,743.24,741.29,740.46,740.69
"1823-02-01",1823,2,1,737.31,736.11,734.91,732.06
"1823-02-02",1823,2,2,729.66,728.99,729.21,731.69
"1823-02-03",1823,2,3,737.99,739.49,740.76,745.86
"1823-02-04",1823,2,4,754.11,754.19,753.06,752.99
"1823-02-05",1823,2,5,759.14,759.51,759.29,759.14
"1823-02-06",1823,2,6,751.86,750.66,750.74,750.44
"1823-02-07",1823,2,7,747.96,747.06,746.46,747.44
"1823-02-08",1823,2,8,756.51,757.71,758.46,759.59
"1823-02-09",1823,2,9,762.44,762.81,762.14,760.94
"1823-02-10",1823,2,10,759.59,757.34,752.46,752.01
"1823-02-11",1823,2,11,757.71,758.61,758.54,757.71
"1823-02-12",1823,2,12,753.81,752.54,751.86,754.19
"1823-02-13",1823,2,13,758.91,759.89,760.34,760.26
"1823-02-14",1823,2,14,757.19,757.11,756.74,757.79
"1823-02-15",1823,2,15,761.16,761.24,761.76,763.94
"1823-02-16",1823,2,16,765.82,766.27,766.04,767.39
"1823-02-17",1823,2,17,768.59,767.92,767.09,766.64
"1823-02-18",1823,2,18,764.16,762.66,761.16,757.34
"1823-02-19",1823,2,19,748.34,749.31,751.19,757.34
"1823-02-20",1823,2,20,761.99,763.34,764.09,766.04
"1823-02-21",1823,2,21,762.96,760.11,757.41,756.81
"1823-02-22",1823,2,22,760.71,759.66,757.94,761.16
"1823-02-23",1823,2,23,764.31,762.81,760.94,755.31
"1823-02-24",1823,2,24,757.94,758.31,758.84,761.31
"1823-02-25",1823,2,25,761.91,759.29,753.74,751.04
"1823-02-26",1823,2,26,746.84,741.96,739.56,742.41
"1823-02-27",1823,2,27,739.94,739.94,741.21,745.34
"1823-02-28",1823,2,28,751.41,752.61,753.44,756.89
"1823-03-01",1823,3,1,761.84,762.89,763.71,766.87
"1823-03-02",1823,3,2,769.64,769.57,768.07,767.77
"1823-03-03",1823,3,3,761.91,761.39,759.51,756.74
"1823-03-04",1823,3,4,754.56,754.86,754.41,751.64
"1823-03-05",1823,3,5,751.19,751.64,752.84,753.89
"1823-03-06",1823,3,6,756.96,757.04,757.11,758.16
"1823-03-07",1823,3,7,754.56,751.04,745.79,738.44
"1823-03-08",1823,3,8,744.74,746.61,747.21,744.29
"1823-03-09",1823,3,9,737.99,740.24,744.59,751.11
"1823-03-10",1823,3,10,760.71,761.01,760.11,758.61
"1823-03-11",1823,3,11,760.64,761.31,761.76,763.19
"1823-03-12",1823,3,12,766.64,767.39,767.69,769.34
"1823-03-13",1823,3,13,771.97,771.52,770.69,771.44
"1823-03-14",1823,3,14,772.57,772.12,771.29,771.89
"1823-03-15",1823,3,15,772.27,771.82,770.92,771.89
"1823-03-16",1823,3,16,772.49,772.27,771.29,770.69
"1823-03-17",1823,3,17,769.19,768.44,767.09,766.19
"1823-03-18",1823,3,18,763.49,762.14,759.66,756.44
"1823-03-19",1823,3,19,753.96,755.31,757.71,762.74
"1823-03-20",1823,3,20,764.24,762.89,760.41,756.81
"1823-03-21",1823,3,21,754.04,752.61,750.89,750.29
"1823-03-22",1823,3,22,747.59,746.39,747.06,750.44
"1823-03-23",1823,3,23,756.06,NA,757.94,761.31
"1823-03-24",1823,3,24,766.79,767.09,766.79,768.52
"1823-03-25",1823,3,25,769.57,768.97,767.84,766.64
"1823-03-27",1823,3,27,764.69,764.31,763.34,763.11
"1823-03-28",1823,3,28,763.41,763.04,762.59,763.41
"1823-03-30",1823,3,30,765.97,765.44,765.07,764.24
"1823-03-31",1823,3,31,768.82,769.49,769.27,771.44
"1823-04-01",1823,4,1,769.04,768.59,767.47,766.49
"1823-04-02",1823,4,2,762.29,760.34,758.61,761.01
"1823-04-03",1823,4,3,764.92,764.39,763.56,762.06
"1823-04-04",1823,4,4,754.49,753.36,751.26,749.16
"1823-04-05",1823,4,5,745.64,744.81,742.86,742.49
"1823-04-06",1823,4,6,747.21,749.61,749.84,753.06
"1823-04-07",1823,4,7,757.19,757.49,757.04,756.89
"1823-04-08",1823,4,8,755.31,754.11,752.31,752.31
"1823-04-09",1823,4,9,754.41,754.86,755.54,758.54
"1823-04-10",1823,4,10,764.01,764.24,764.01,765.44
"1823-04-11",1823,4,11,767.32,766.49,765.07,765.89
"1823-04-12",1823,4,12,766.42,765.74,764.84,765.52
"1823-04-13",1823,4,13,766.79,766.34,765.52,765.52
"1823-04-14",1823,4,14,764.92,764.31,764.16,766.19
"1823-04-15",1823,4,15,770.77,771.14,771.22,772.79
"1823-04-16",1823,4,16,773.47,772.19,770.62,769.79
"1823-04-17",1823,4,17,767.84,767.02,765.44,762.44
"1823-04-18",1823,4,18,756.81,755.39,753.96,752.91
"1823-04-19",1823,4,19,753.21,753.81,754.56,756.29
"1823-04-20",1823,4,20,761.91,762.89,763.94,766.57
"1823-04-21",1823,4,21,765.44,763.94,761.84,760.41
"1823-04-22",1823,4,22,758.99,757.86,756.66,755.09
"1823-04-23",1823,4,23,752.16,750.89,749.46,748.26
"1823-04-24",1823,4,24,749.16,751.19,753.06,759.59
"1823-04-25",1823,4,25,764.54,764.46,762.74,761.24
"1823-04-26",1823,4,26,757.56,756.51,755.54,756.96
"1823-04-27",1823,4,27,760.11,760.94,763.04,765.44
"1823-04-28",1823,4,28,766.19,765.97,765.07,765.37
"1823-04-29",1823,4,29,767.92,768.52,768.14,771.67
"1823-04-30",1823,4,30,773.77,773.39,772.27,772.57
"1823-05-01",1823,5,1,772.79,772.12,771.22,771.59
"1823-05-02",1823,5,2,771.89,771.37,769.94,769.49
"1823-05-03",1823,5,3,770.17,769.34,768.74,769.12
"1823-05-04",1823,5,4,771.82,771.29,770.39,770.77
"1823-05-05",1823,5,5,769.19,767.84,766.34,764.92
"1823-05-06",1823,5,6,762.89,762.21,761.24,761.39
"1823-05-07",1823,5,7,761.54,761.24,760.56,761.76
"1823-05-08",1823,5,8,762.66,763.41,762.66,761.84
"1823-05-09",1823,5,9,764.84,764.92,764.39,764.24
"1823-05-10",1823,5,10,762.36,762.29,761.76,761.16
"1823-05-11",1823,5,11,762.29,761.16,760.94,760.64
"1823-05-12",1823,5,12,761.16,760.79,760.86,760.34
"1823-05-13",1823,5,13,760.19,760.56,760.26,759.36
"1823-05-14",1823,5,14,760.86,761.61,762.74,765.29
"1823-05-15",1823,5,15,767.02,767.62,768.74,771.29
"1823-05-16",1823,5,16,770.99,770.02,768.37,767.09
"1823-05-17",1823,5,17,765.74,766.04,766.27,767.54
"1823-05-18",1823,5,18,767.92,767.02,765.52,763.86
"1823-05-19",1823,5,19,760.26,759.74,758.39,758.24
"1823-05-20",1823,5,20,756.96,756.74,755.99,755.16
"1823-05-21",1823,5,21,759.66,759.36,758.61,759.81
"1823-05-22",1823,5,22,761.46,NA,762.06,763.34
"1823-05-23",1823,5,23,762.89,764.09,763.86,764.54
"1823-05-24",1823,5,24,764.77,764.16,763.11,761.54
"1823-05-25",1823,5,25,759.06,758.61,757.71,758.76
"1823-05-26",1823,5,26,758.39,757.79,757.71,759.36
"1823-05-27",1823,5,27,761.76,761.76,761.16,761.61
"1823-05-28",1823,5,28,761.24,760.79,759.81,760.94
"1823-05-29",1823,5,29,763.94,763.86,764.16,765.74
"1823-05-30",1823,5,30,768.14,767.84,767.32,767.54
"1823-05-31",1823,5,31,767.24,766.57,765.67,765.74
"1823-06-01",1823,6,1,766.19,765.67,764.92,765.37
"1823-06-02",1823,6,2,764.24,763.19,761.76,760.04
"1823-06-03",1823,6,3,756.66,756.29,755.54,755.54
"1823-06-04",1823,6,4,753.44,753.29,752.84,753.44
"1823-06-05",1823,6,5,754.56,754.79,755.46,758.39
"1823-06-06",1823,6,6,760.41,760.64,761.61,765.59
"1823-06-07",1823,6,7,769.34,769.19,768.29,767.54
"1823-06-08",1823,6,8,765.59,764.84,763.64,764.31
"1823-06-09",1823,6,9,764.16,763.41,763.41,763.71
"1823-06-10",1823,6,10,763.94,764.09,763.79,765.07
"1823-06-11",1823,6,11,765.59,764.92,763.64,763.94
"1823-06-12",1823,6,12,760.79,759.51,758.54,758.91
"1823-06-13",1823,6,13,757.79,757.94,757.94,758.24
"1823-06-14",1823,6,14,759.74,760.04,760.19,762.06
"1823-06-15",1823,6,15,764.09,764.69,764.46,766.49
"1823-06-16",1823,6,16,769.19,769.49,769.72,770.54
"1823-06-17",1823,6,17,771.74,770.99,770.32,769.79
"1823-06-18",1823,6,18,767.54,766.49,765.44,764.77
"1823-06-19",1823,6,19,764.69,764.24,763.64,763.79
"1823-06-20",1823,6,20,761.31,761.31,761.31,761.99
"1823-06-21",1823,6,21,763.79,763.71,763.34,764.99
"1823-06-22",1823,6,22,766.12,766.12,765.82,766.19
"1823-06-23",1823,6,23,764.92,764.31,764.09,764.69
"1823-06-24",1823,6,24,764.24,764.24,763.26,762.66
"1823-06-25",1823,6,25,760.26,759.36,758.91,759.14
"1823-06-26",1823,6,26,757.56,756.21,754.94,753.66
"1823-06-27",1823,6,27,750.89,748.79,750.14,750.96
"1823-06-28",1823,6,28,750.96,751.11,752.09,756.44
"1823-06-29",1823,6,29,760.71,761.16,761.46,763.56
"1823-06-30",1823,6,30,764.31,763.49,762.66,759.06
"1823-07-01",1823,7,1,762.51,764.61,765.07,765.22
"1823-07-02",1823,7,2,764.24,763.49,762.36,763.04
"1823-07-03",1823,7,3,762.74,762.66,763.19,NA
"1823-07-04",1823,7,4,766.72,766.12,765.37,764.69
"1823-07-05",1823,7,5,765.74,766.27,766.34,765.89
"1823-07-06",1823,7,6,764.31,NA,762.06,761.01
"1823-07-07",1823,7,7,761.24,760.86,760.64,760.34
"1823-07-08",1823,7,8,760.11,759.96,759.81,761.31
"1823-07-09",1823,7,9,764.46,764.84,764.84,766.49
"1823-07-10",1823,7,10,767.24,766.49,765.44,764.24
"1823-07-11",1823,7,11,760.49,759.14,757.34,759.59
"1823-07-12",1823,7,12,762.74,763.04,762.74,763.56
"1823-07-13",1823,7,13,762.81,761.69,760.71,757.64
"1823-07-14",1823,7,14,761.16,761.01,760.56,761.61
"1823-07-15",1823,7,15,762.36,758.09,759.66,759.14
"1823-07-16",1823,7,16,759.96,759.14,758.69,759.14
"1823-07-17",1823,7,17,760.34,761.84,763.04,764.77
"1823-07-18",1823,7,18,763.94,762.74,762.06,763.34
"1823-07-19",1823,7,19,766.64,766.87,767.09,767.39
"1823-07-20",1823,7,20,768.44,767.99,767.24,764.61
"1823-07-21",1823,7,21,758.54,756.96,756.89,758.61
"1823-07-22",1823,7,22,762.51,763.41,764.01,765.59
"1823-07-23",1823,7,23,763.11,761.69,759.59,758.31
"1823-07-24",1823,7,24,759.74,760.26,761.09,762.89
"1823-07-25",1823,7,25,762.81,761.76,761.16,760.04
"1823-07-26",1823,7,26,758.91,758.46,759.06,760.11
"1823-07-27",1823,7,27,760.04,761.09,761.91,764.46
"1823-07-28",1823,7,28,764.39,764.69,764.84,763.56
"1823-07-29",1823,7,29,762.36,760.86,758.99,759.36
"1823-07-30",1823,7,30,760.41,760.56,760.79,761.01
"1823-07-31",1823,7,31,763.94,764.31,764.99,767.54
"1823-08-01",1823,8,1,769.57,769.34,768.59,768.14
"1823-08-02",1823,8,2,767.62,766.94,766.19,766.12
"1823-08-03",1823,8,3,764.24,763.64,761.91,760.11
"1823-08-04",1823,8,4,760.94,761.24,761.16,761.84
"1823-08-05",1823,8,5,762.21,762.06,761.91,762.81
"1823-08-06",1823,8,6,762.29,761.76,762.06,763.04
"1823-08-07",1823,8,7,764.84,764.31,763.26,762.36
"1823-08-08",1823,8,8,760.79,760.49,759.89,761.76
"1823-08-09",1823,8,9,765.22,765.74,766.64,768.82
"1823-08-10",1823,8,10,771.74,771.52,771.07,770.54
"1823-08-11",1823,8,11,769.72,769.12,768.07,767.32
"1823-08-12",1823,8,12,764.84,764.46,761.76,760.19
"1823-08-13",1823,8,13,760.56,759.66,759.74,758.01
"1823-08-14",1823,8,14,761.24,762.14,763.11,764.39
"1823-08-15",1823,8,15,764.61,763.41,762.44,761.31
"1823-08-16",1823,8,16,758.24,757.71,757.19,758.69
"1823-08-17",1823,8,17,764.09,764.61,764.77,764.69
"1823-08-18",1823,8,18,764.92,763.86,763.11,764.54
"1823-08-19",1823,8,19,764.54,763.19,761.39,760.64
"1823-08-20",1823,8,20,763.49,763.04,762.74,762.36
"1823-08-21",1823,8,21,763.41,763.34,763.94,765.59
"1823-08-22",1823,8,22,765.07,764.01,762.89,761.84
"1823-08-23",1823,8,23,762.21,762.14,761.84,762.51
"1823-08-24",1823,8,24,763.86,763.19,761.91,761.39
"1823-08-25",1823,8,25,760.19,760.49,760.11,761.16
"1823-08-26",1823,8,26,762.36,761.61,761.01,763.56
"1823-08-27",1823,8,27,768.22,768.22,767.92,769.42
"1823-08-28",1823,8,28,770.84,770.02,768.89,768.37
"1823-08-29",1823,8,29,766.57,765.74,764.54,763.11
"1823-08-30",1823,8,30,764.09,763.26,762.59,764.24
"1823-08-31",1823,8,31,768.59,769.19,769.49,770.84
"1823-09-01",1823,9,1,771.59,770.99,769.94,769.87
"1823-09-02",1823,9,2,768.74,767.77,765.82,766.04
"1823-09-03",1823,9,3,767.62,767.77,768.44,770.84
"1823-09-04",1823,9,4,772.72,772.04,771.14,771.82
"1823-09-05",1823,9,5,770.54,769.57,768.07,768.82
"1823-09-06",1823,9,6,768.59,767.84,766.19,766.12
"1823-09-07",1823,9,7,766.04,765.67,765.52,767.39
"1823-09-08",1823,9,8,768.97,768.89,768.22,768.07
"1823-09-09",1823,9,9,768.44,767.77,766.94,767.24
"1823-09-10",1823,9,10,768.44,768.14,767.54,768.07
"1823-09-11",1823,9,11,769.87,769.49,768.52,768.67
"1823-09-12",1823,9,12,767.62,766.57,765.37,764.61
"1823-09-13",1823,9,13,764.24,763.34,762.06,762.06
"1823-09-14",1823,9,14,760.94,759.66,758.54,756.59
"1823-09-15",1823,9,15,755.91,757.79,757.94,759.74
"1823-09-16",1823,9,16,762.66,762.96,763.49,766.12
"1823-09-17",1823,9,17,766.94,766.42,765.89,767.54
"1823-09-18",1823,9,18,771.44,771.74,771.74,772.57
"1823-09-19",1823,9,19,771.22,769.64,768.44,768.97
"1823-09-20",1823,9,20,769.12,767.92,766.64,766.64
"1823-09-21",1823,9,21,765.97,764.54,762.59,759.81
"1823-09-22",1823,9,22,752.69,751.19,750.74,751.86
"1823-09-23",1823,9,23,761.31,762.36,763.11,764.92
"1823-09-24",1823,9,24,764.61,764.77,764.46,765.14
"1823-09-25",1823,9,25,766.94,766.57,765.97,765.52
"1823-09-26",1823,9,26,762.89,761.46,760.26,759.36
"1823-09-27",1823,9,27,758.99,759.66,759.59,760.64
"1823-09-28",1823,9,28,761.61,761.84,761.46,761.84
"1823-09-29",1823,9,29,761.91,760.64,759.74,758.84
"1823-09-30",1823,9,30,755.01,753.66,751.56,751.34
"1823-10-01",1823,10,1,741.44,740.31,741.81,747.89
"1823-10-02",1823,10,2,750.06,751.11,751.49,754.41
"1823-10-03",1823,10,3,761.01,762.14,762.74,764.69
"1823-10-04",1823,10,4,765.89,765.97,766.27,768.07
"1823-10-05",1823,10,5,769.04,768.44,767.77,766.94
"1823-10-06",1823,10,6,765.52,764.69,763.79,764.09
"1823-10-07",1823,10,7,765.59,765.89,765.74,765.59
"1823-10-08",1823,10,8,765.37,765.22,764.77,763.71
"1823-10-09",1823,10,9,759.74,758.09,757.26,757.41
"1823-10-10",1823,10,10,755.46,754.79,754.49,752.84
"1823-10-11",1823,10,11,745.49,745.19,745.49,746.09
"1823-10-12",1823,10,12,749.16,748.86,747.89,747.14
"1823-10-13",1823,10,13,747.66,748.19,748.41,749.84
"1823-10-14",1823,10,14,751.49,751.34,751.26,751.71
"1823-10-15",1823,10,15,753.44,753.81,753.06,754.19
"1823-10-16",1823,10,16,757.49,757.41,757.56,758.54
"1823-10-17",1823,10,17,758.76,758.16,756.89,757.26
"1823-10-18",1823,10,18,755.69,754.71,754.56,755.16
"1823-10-19",1823,10,19,756.29,756.51,756.59,758.84
"1823-10-20",1823,10,20,763.49,764.31,764.24,766.34
"1823-10-21",1823,10,21,767.84,767.77,766.49,767.02
"1823-10-22",1823,10,22,766.04,764.99,764.61,NA
"1823-10-23",1823,10,23,763.04,762.29,761.46,762.14
"1823-10-24",1823,10,24,764.46,764.61,764.77,766.94
"1823-10-25",1823,10,25,770.62,770.32,770.47,772.19
"1823-10-26",1823,10,26,775.27,775.34,774.82,774.52
"1823-10-27",1823,10,27,772.27,771.07,769.57,768.07
"1823-10-28",1823,10,28,763.71,762.51,760.34,757.86
"1823-10-29",1823,10,29,758.84,759.29,758.69,757.49
"1823-10-30",1823,10,30,747.06,745.19,743.46,741.74
"1823-10-31",1823,10,31,740.61,740.09,740.09,743.39
"1823-11-01",1823,11,1,751.64,753.44,754.79,758.09
"1823-11-02",1823,11,2,764.77,765.22,765.29,766.87
"1823-11-03",1823,11,3,767.62,766.94,765.89,765.59
"1823-11-04",1823,11,4,763.11,761.99,760.11,758.16
"1823-11-05",1823,11,5,759.06,758.24,758.24,759.89
"1823-11-06",1823,11,6,764.24,763.64,762.89,762.14
"1823-11-07",1823,11,7,762.66,763.19,763.34,764.84
"1823-11-08",1823,11,8,766.64,766.94,767.47,769.27
"1823-11-09",1823,11,9,772.04,772.27,772.12,772.94
"1823-11-10",1823,11,10,775.42,775.94,776.02,778.19
"1823-11-11",1823,11,11,779.39,778.64,777.82,777.89
"1823-11-12",1823,11,12,776.32,775.42,774.44,774.82
"1823-11-13",1823,11,13,775.87,775.42,774.74,775.49
"1823-11-14",1823,11,14,774.37,773.92,772.64,771.97
"1823-11-15",1823,11,15,770.24,770.69,770.47,771.74
"1823-11-16",1823,11,16,773.99,773.84,773.47,773.62
"1823-11-17",1823,11,17,774.22,773.39,772.19,772.94
"1823-11-18",1823,11,18,774.44,774.37,774.14,773.84
"1823-11-19",1823,11,19,770.54,769.72,769.27,769.42
"1823-11-20",1823,11,20,771.07,770.54,769.87,770.99
"1823-11-21",1823,11,21,772.94,772.64,771.89,770.77
"1823-11-22",1823,11,22,765.89,764.99,763.79,763.04
"1823-11-23",1823,11,23,766.72,766.87,765.89,766.27
"1823-11-24",1823,11,24,766.19,766.27,766.27,768.29
"1823-11-25",1823,11,25,771.14,771.14,771.14,771.82
"1823-11-26",1823,11,26,772.04,772.12,771.59,771.59
"1823-11-27",1823,11,27,771.29,NA,770.09,769.72
"1823-11-28",1823,11,28,768.22,767.92,766.49,765.29
"1823-11-29",1823,11,29,761.69,760.64,759.21,758.99
"1823-11-30",1823,11,30,758.54,758.91,758.76,759.66
"1823-12-01",1823,12,1,761.54,762.36,763.86,765.29
"1823-12-02",1823,12,2,759.96,758.84,759.14,758.16
"1823-12-03",1823,12,3,761.99,762.36,762.06,759.36
"1823-12-04",1823,12,4,755.01,756.29,757.41,758.61
"1823-12-05",1823,12,5,760.56,761.01,760.41,758.31
"1823-12-06",1823,12,6,754.56,754.71,754.71,762.96
"1823-12-07",1823,12,7,775.34,776.69,777.59,779.47
"1823-12-08",1823,12,8,779.32,778.57,777.44,775.94
"1823-12-09",1823,12,9,774.82,774.74,773.84,774.82
"1823-12-10",1823,12,10,776.84,776.92,776.32,774.97
"1823-12-11",1823,12,11,774.07,772.72,771.74,770.32
"1823-12-12",1823,12,12,765.14,763.86,762.06,762.74
"1823-12-13",1823,12,13,762.81,763.34,764.24,NA
"1823-12-14",1823,12,14,769.79,770.24,770.54,772.27
"1823-12-15",1823,12,15,771.22,771.52,771.44,773.84
"1823-12-16",1823,12,16,775.57,775.04,773.69,771.37
"1823-12-17",1823,12,17,764.92,762.14,759.36,752.24
"1823-12-18",1823,12,18,754.94,756.14,756.36,756.36
"1823-12-19",1823,12,19,752.09,752.24,754.56,759.44
"1823-12-20",1823,12,20,756.59,752.61,749.69,749.09
"1823-12-21",1823,12,21,747.96,748.11,748.19,750.29
"1823-12-22",1823,12,22,754.19,755.69,757.49,760.56
"1823-12-23",1823,12,23,763.49,763.04,762.44,761.16
"1823-12-24",1823,12,24,765.74,766.27,766.04,766.57
"1823-12-25",1823,12,25,767.62,767.24,766.49,765.14
"1823-12-26",1823,12,26,763.56,762.74,761.54,758.69
"1823-12-27",1823,12,27,749.69,749.91,750.59,752.39
"1823-12-28",1823,12,28,758.76,758.16,755.61,753.29
"1823-12-29",1823,12,29,753.21,753.44,752.61,749.16
"1823-12-30",1823,12,30,751.71,751.86,751.56,747.51
"1823-12-31",1823,12,31,753.59,754.64,757.41,761.31
"1824-01-01",1824,1,1,755.09,753.44,753.44,754.79
"1824-01-02",1824,1,2,755.76,756.14,756.36,759.36
"1824-01-03",1824,1,3,767.69,769.42,770.77,774.52
"1824-01-04",1824,1,4,777.59,778.12,777.74,778.34
"1824-01-05",1824,1,5,777.82,776.54,776.17,774.82
"1824-01-06",1824,1,6,772.94,771.89,771.37,770.77
"1824-01-07",1824,1,7,771.22,771.67,771.67,772.42
"1824-01-08",1824,1,8,773.47,773.17,772.94,773.24
"1824-01-09",1824,1,9,773.02,772.34,772.12,772.04
"1824-01-10",1824,1,10,771.59,770.54,769.34,769.12
"1824-01-11",1824,1,11,769.04,769.04,769.72,773.02
"1824-01-12",1824,1,12,776.32,776.32,776.39,777.22
"1824-01-13",1824,1,13,779.17,778.42,778.27,777.82
"1824-01-14",1824,1,14,776.39,775.42,774.59,774.89
"1824-01-15",1824,1,15,773.09,772.04,771.22,771.52
"1824-01-16",1824,1,16,776.62,776.77,776.62,777.59
"1824-01-17",1824,1,17,778.42,777.22,776.47,776.54
"1824-01-18",1824,1,18,776.17,775.34,774.52,772.34
"1824-01-19",1824,1,19,771.67,770.99,769.94,768.74
"1824-01-20",1824,1,20,767.24,766.72,766.04,765.29
"1824-01-21",1824,1,21,762.81,761.39,760.04,757.64
"1824-01-22",1824,1,22,750.81,747.74,745.34,740.99
"1824-01-23",1824,1,23,741.81,NA,737.31,738.06
"1824-01-24",1824,1,24,757.26,759.74,762.81,766.72
"1824-01-25",1824,1,25,769.42,769.49,770.09,772.19
"1824-01-26",1824,1,26,772.87,772.27,771.67,770.47
"1824-01-27",1824,1,27,767.47,766.34,764.54,762.36
"1824-01-28",1824,1,28,760.86,757.56,755.76,756.44
"1824-01-29",1824,1,29,760.79,760.71,761.09,NA
"1824-01-30",1824,1,30,767.84,768.59,768.29,769.79
"1824-01-31",1824,1,31,768.59,768.22,767.17,767.02
"1824-02-01",1824,2,1,766.64,766.27,765.89,766.04
"1824-02-02",1824,2,2,767.39,767.77,767.47,768.74
"1824-02-03",1824,2,3,770.92,769.49,768.14,768.07
"1824-02-04",1824,2,4,763.49,762.66,761.76,761.99
"1824-02-05",1824,2,5,763.19,763.49,763.79,765.37
"1824-02-06",1824,2,6,766.94,768.67,769.27,772.27
"1824-02-07",1824,2,7,775.42,775.42,774.44,775.34
"1824-02-08",1824,2,8,776.17,776.24,775.79,776.99
"1824-02-09",1824,2,9,778.42,778.64,778.12,779.32
"1824-02-10",1824,2,10,778.19,777.74,775.72,774.59
"1824-02-11",1824,2,11,774.07,773.54,772.64,773.62
"1824-02-12",1824,2,12,770.47,768.82,764.77,758.91
"1824-02-13",1824,2,13,752.01,749.91,746.24,738.44
"1824-02-14",1824,2,14,741.29,741.14,741.06,743.01
"1824-02-15",1824,2,15,748.49,749.46,749.91,751.49
"1824-02-16",1824,2,16,752.31,752.61,752.09,751.71
"1824-02-17",1824,2,17,750.66,750.51,749.61,748.86
"1824-02-18",1824,2,18,750.96,751.41,750.74,752.01
"1824-02-19",1824,2,19,749.54,748.94,748.26,747.74
"1824-02-20",1824,2,20,751.79,754.11,755.16,757.86
"1824-02-21",1824,2,21,759.96,759.66,759.14,759.89
"1824-02-22",1824,2,22,761.91,762.06,761.24,761.99
"1824-02-23",1824,2,23,763.34,763.41,762.51,762.74
"1824-02-24",1824,2,24,762.29,761.31,760.11,758.69
"1824-02-25",1824,2,25,756.81,756.14,755.54,755.84
"1824-02-26",1824,2,26,755.99,755.61,755.01,754.71
"1824-02-27",1824,2,27,754.26,754.94,755.01,757.79
"1824-02-28",1824,2,28,761.01,761.24,761.01,761.99
"1824-02-29",1824,2,29,760.71,760.49,759.81,759.74
"1824-03-01",1824,3,1,757.94,758.01,757.19,755.31
"1824-03-02",1824,3,2,753.21,753.89,754.56,756.29
"1824-03-03",1824,3,3,746.24,740.69,739.04,741.21
"1824-03-04",1824,3,4,760.19,762.89,763.86,764.61
"1824-03-05",1824,3,5,761.09,760.79,760.41,761.99
"1824-03-06",1824,3,6,764.69,765.14,764.77,764.69
"1824-03-07",1824,3,7,763.04,762.21,760.64,759.96
"1824-03-08",1824,3,8,756.36,755.39,754.86,757.94
"1824-03-09",1824,3,9,761.09,759.74,757.94,756.51
"1824-03-10",1824,3,10,757.11,756.14,755.01,758.39
"1824-03-11",1824,3,11,765.37,765.82,764.84,762.29
"1824-03-12",1824,3,12,755.09,754.19,752.54,754.34
"1824-03-13",1824,3,13,752.46,750.29,748.19,749.31
"1824-03-14",1824,3,14,757.41,759.66,760.94,765.07
"1824-03-15",1824,3,15,768.89,768.97,768.07,768.37
"1824-03-16",1824,3,16,768.67,768.22,767.92,768.44
"1824-03-17",1824,3,17,769.04,769.34,769.27,770.62
"1824-03-18",1824,3,18,771.74,771.97,770.84,771.89
"1824-03-19",1824,3,19,773.02,772.64,772.04,771.44
"1824-03-20",1824,3,20,771.37,771.22,770.77,770.54
"1824-03-21",1824,3,21,767.99,765.59,763.41,761.91
"1824-03-22",1824,3,22,761.24,759.44,757.79,758.39
"1824-03-23",1824,3,23,761.39,761.54,761.09,761.39
"1824-03-24",1824,3,24,758.24,757.86,757.64,758.01
"1824-03-25",1824,3,25,760.86,760.94,760.49,761.31
"1824-03-26",1824,3,26,761.99,761.24,759.96,759.36
"1824-03-27",1824,3,27,759.06,758.39,757.56,756.96
"1824-03-28",1824,3,28,756.59,757.49,757.56,759.36
"1824-03-29",1824,3,29,761.99,762.29,762.06,763.11
"1824-03-30",1824,3,30,761.01,759.66,758.09,755.61
"1824-03-31",1824,3,31,755.99,755.69,755.84,758.76
"1824-04-01",1824,4,1,763.34,763.56,762.96,760.71
"1824-04-02",1824,4,2,746.01,743.31,745.19,753.74
"1824-04-03",1824,4,3,765.14,766.04,766.42,768.29
"1824-04-04",1824,4,4,770.47,770.99,771.07,772.64
"1824-04-05",1824,4,5,774.14,773.62,773.32,773.47
"1824-04-06",1824,4,6,772.34,771.52,770.62,770.77
"1824-04-07",1824,4,7,767.77,766.57,765.97,766.64
"1824-04-08",1824,4,8,767.84,766.87,765.37,764.54
"1824-04-09",1824,4,9,764.09,763.04,761.99,761.76
"1824-04-10",1824,4,10,753.51,749.99,746.46,748.19
"1824-04-11",1824,4,11,748.94,748.64,749.84,752.31
"1824-04-12",1824,4,12,754.04,754.26,754.71,756.36
"1824-04-13",1824,4,13,759.51,761.76,760.26,761.91
"1824-04-14",1824,4,14,763.26,763.11,762.66,762.21
"1824-04-15",1824,4,15,760.34,NA,756.66,750.66
"1824-04-16",1824,4,16,744.06,743.99,744.59,745.71
"1824-04-17",1824,4,17,749.31,750.81,751.79,754.94
"1824-04-18",1824,4,18,762.44,763.56,765.07,768.07
"1824-04-19",1824,4,19,771.52,771.52,770.02,771.74
"1824-04-20",1824,4,20,773.09,772.34,771.22,770.09
"1824-04-21",1824,4,21,767.99,767.02,765.37,764.24
"1824-04-22",1824,4,22,767.32,767.54,766.94,766.57
"1824-04-23",1824,4,23,759.36,757.79,756.89,757.86
"1824-04-24",1824,4,24,763.86,765.59,767.24,769.79
"1824-04-25",1824,4,25,770.69,769.87,767.99,765.52
"1824-04-26",1824,4,26,759.06,755.84,753.06,751.94
"1824-04-27",1824,4,27,763.86,764.69,765.07,767.47
"1824-04-28",1824,4,28,767.47,766.19,764.54,763.26
"1824-04-29",1824,4,29,762.96,760.94,759.14,758.69
"1824-04-30",1824,4,30,758.54,759.06,760.19,763.49
"1824-05-01",1824,5,1,765.59,764.61,763.04,761.91
"1824-05-02",1824,5,2,759.74,759.36,758.91,758.31
"1824-05-03",1824,5,3,754.64,754.34,754.34,755.24
"1824-05-04",1824,5,4,758.09,759.14,759.96,761.84
"1824-05-05",1824,5,5,764.24,763.79,762.89,761.91
"1824-05-06",1824,5,6,764.92,764.16,763.19,762.14
"1824-05-07",1824,5,7,762.06,762.29,762.06,765.59
"1824-05-08",1824,5,8,769.12,769.64,769.34,770.39
"1824-05-09",1824,5,9,770.99,770.09,768.74,766.64
"1824-05-10",1824,5,10,762.89,761.76,760.49,759.96
"1824-05-11",1824,5,11,760.71,760.56,759.81,759.14
"1824-05-12",1824,5,12,757.34,757.34,756.66,757.41
"1824-05-13",1824,5,13,757.04,756.36,755.16,753.06
"1824-05-14",1824,5,14,751.26,751.34,751.04,752.24
"1824-05-15",1824,5,15,752.99,752.76,752.39,752.69
"1824-05-16",1824,5,16,756.81,758.54,760.19,763.49
"1824-05-17",1824,5,17,766.34,766.19,765.52,765.59
"1824-05-18",1824,5,18,765.44,765.22,764.01,763.19
"1824-05-19",1824,5,19,760.64,761.24,761.16,760.41
"1824-05-20",1824,5,20,757.26,757.56,758.46,759.14
"1824-05-21",1824,5,21,759.29,759.44,759.06,759.81
"1824-05-22",1824,5,22,759.36,759.59,758.99,759.59
"1824-05-23",1824,5,23,760.49,761.01,761.09,762.21
"1824-05-24",1824,5,24,762.44,762.74,762.66,763.34
"1824-05-25",1824,5,25,766.72,767.09,767.09,769.34
"1824-05-26",1824,5,26,773.92,774.82,775.42,777.59
"1824-05-27",1824,5,27,780.44,780.22,779.62,779.54
"1824-05-28",1824,5,28,777.82,777.29,775.72,774.22
"1824-05-29",1824,5,29,771.22,769.87,767.54,764.16
"1824-05-30",1824,5,30,761.46,760.94,760.41,760.71
"1824-05-31",1824,5,31,760.64,760.79,760.56,761.99
"1824-06-01",1824,6,1,765.44,765.44,765.29,767.39
"1824-06-02",1824,6,2,769.79,769.42,768.82,768.82
"1824-06-03",1824,6,3,769.79,769.34,768.52,768.37
"1824-06-04",1824,6,4,767.17,766.87,765.97,765.52
"1824-06-05",1824,6,5,765.67,765.07,764.01,764.54
"1824-06-06",1824,6,6,766.04,765.67,765.07,765.82
"1824-06-07",1824,6,7,766.64,766.12,765.37,765.29
"1824-06-08",1824,6,8,765.29,764.61,763.71,762.81
"1824-06-09",1824,6,9,761.61,760.94,759.21,759.21
"1824-06-10",1824,6,10,761.39,760.79,760.64,761.16
"1824-06-11",1824,6,11,762.89,763.34,763.71,765.89
"1824-06-12",1824,6,12,767.54,767.84,767.84,768.52
"1824-06-13",1824,6,13,768.29,767.54,766.42,763.86
"1824-06-14",1824,6,14,756.36,755.31,752.76,750.14
"1824-06-15",1824,6,15,748.49,749.09,749.24,750.06
"1824-06-16",1824,6,16,753.36,753.29,752.54,752.76
"1824-06-17",1824,6,17,755.16,756.29,757.04,760.04
"1824-06-18",1824,6,18,763.71,764.09,764.54,764.61
"1824-06-19",1824,6,19,761.76,760.19,759.74,755.91
"1824-06-20",1824,6,20,755.69,755.39,754.94,755.39
"1824-06-21",1824,6,21,754.79,754.26,753.51,754.71
"1824-06-22",1824,6,22,756.96,755.99,754.79,753.06
"1824-06-23",1824,6,23,749.69,749.31,748.04,748.56
"1824-06-24",1824,6,24,750.81,751.41,752.31,755.24
"1824-06-25",1824,6,25,759.44,760.41,760.94,763.94
"1824-06-26",1824,6,26,767.02,766.94,766.57,767.02
"1824-06-27",1824,6,27,765.44,764.99,763.86,763.56
"1824-06-28",1824,6,28,763.19,762.81,762.06,761.61
"1824-06-29",1824,6,29,758.46,759.21,758.61,761.16
"1824-06-30",1824,6,30,765.14,765.07,764.61,764.92
"1824-07-01",1824,7,1,764.31,764.01,762.96,760.71
"1824-07-02",1824,7,2,758.84,760.04,760.19,759.44
"1824-07-03",1824,7,3,760.34,759.96,758.76,757.94
"1824-07-04",1824,7,4,759.21,760.19,761.46,764.09
"1824-07-05",1824,7,5,766.34,766.12,765.07,764.24
"1824-07-06",1824,7,6,762.81,762.89,762.74,762.59
"1824-07-07",1824,7,7,765.52,765.82,765.67,765.07
"1824-07-08",1824,7,8,767.17,766.94,766.79,765.97
"1824-07-09",1824,7,9,764.16,763.04,761.54,760.26
"1824-07-10",1824,7,10,763.49,763.94,764.24,766.04
"1824-07-11",1824,7,11,768.22,767.69,767.32,767.09
"1824-07-12",1824,7,12,768.37,767.99,767.09,766.27
"1824-07-13",1824,7,13,766.64,765.89,765.74,765.29
"1824-07-14",1824,7,14,762.96,761.84,761.09,761.99
"1824-07-15",1824,7,15,765.59,765.74,766.19,767.24
"1824-07-16",1824,7,16,768.14,767.54,766.72,766.27
"1824-07-17",1824,7,17,768.14,767.84,767.54,767.92
"1824-07-18",1824,7,18,768.37,768.14,769.04,773.09
"1824-07-19",1824,7,19,775.87,775.42,775.42,775.87
"1824-07-20",1824,7,20,774.89,773.99,772.64,771.97
"1824-07-21",1824,7,21,770.02,769.42,768.82,769.04
"1824-07-22",1824,7,22,770.09,769.64,769.12,769.12
"1824-07-23",1824,7,23,769.19,768.22,767.24,766.04
"1824-07-24",1824,7,24,762.96,761.99,761.24,761.46
"1824-07-25",1824,7,25,762.66,762.06,761.61,762.44
"1824-07-26",1824,7,26,758.69,758.91,755.31,756.44
"1824-07-27",1824,7,27,761.54,763.71,766.04,769.87
"1824-07-28",1824,7,28,772.49,772.04,771.07,769.72
"1824-07-29",1824,7,29,765.67,764.46,762.36,759.59
"1824-07-30",1824,7,30,756.29,754.86,753.59,753.96
"1824-07-31",1824,7,31,757.64,757.94,757.56,NA
"1824-08-01",1824,8,1,758.46,758.31,759.21,763.19
"1824-08-02",1824,8,2,766.87,767.47,767.32,767.92
"1824-08-03",1824,8,3,765.52,764.39,763.41,763.26
"1824-08-04",1824,8,4,762.96,762.66,762.66,763.41
"1824-08-05",1824,8,5,761.99,761.46,760.49,760.71
"1824-08-06",1824,8,6,759.66,759.29,759.44,760.56
"1824-08-07",1824,8,7,763.11,763.34,763.64,764.61
"1824-08-08",1824,8,8,765.44,764.54,764.16,763.41
"1824-08-09",1824,8,9,761.31,761.84,761.46,762.14
"1824-08-10",1824,8,10,764.01,763.94,763.19,761.84
"1824-08-11",1824,8,11,761.16,761.01,760.49,760.04
"1824-08-12",1824,8,12,760.86,760.26,759.81,762.51
"1824-08-13",1824,8,13,763.41,762.59,763.04,763.56
"1824-08-14",1824,8,14,767.02,767.17,767.39,767.99
"1824-08-15",1824,8,15,765.59,763.86,762.44,NA
"1824-08-16",1824,8,16,762.51,762.96,763.34,764.46
"1824-08-17",1824,8,17,763.04,762.06,760.94,760.79
"1824-08-18",1824,8,18,761.31,760.94,760.04,760.11
"1824-08-19",1824,8,19,763.41,763.41,763.71,763.49
"1824-08-20",1824,8,20,763.04,763.41,763.71,764.61
"1824-08-21",1824,8,21,763.41,762.74,761.84,762.36
"1824-08-22",1824,8,22,763.41,763.71,764.54,765.97
"1824-08-23",1824,8,23,765.82,765.67,765.22,765.89
"1824-08-24",1824,8,24,767.47,767.24,767.09,768.44
"1824-08-25",1824,8,25,770.32,770.09,769.64,770.39
"1824-08-26",1824,8,26,771.29,770.32,769.19,769.34
"1824-08-27",1824,8,27,767.92,766.87,765.67,765.14
"1824-08-28",1824,8,28,763.26,762.74,762.36,762.44
"1824-08-29",1824,8,29,763.56,763.11,762.36,762.21
"1824-08-30",1824,8,30,762.14,761.69,760.79,760.86
"1824-08-31",1824,8,31,761.46,761.31,761.09,762.59
"1824-09-01",1824,9,1,764.92,764.84,764.54,765.07
"1824-09-02",1824,9,2,765.22,764.31,763.71,763.79
"1824-09-03",1824,9,3,764.77,764.54,763.64,762.74
"1824-09-04",1824,9,4,763.64,763.49,762.51,762.06
"1824-09-05",1824,9,5,760.41,760.19,758.99,758.91
"1824-09-06",1824,9,6,758.16,756.96,755.69,755.76
"1824-09-07",1824,9,7,756.44,755.99,755.09,754.56
"1824-09-08",1824,9,8,754.19,755.01,755.76,757.64
"1824-09-09",1824,9,9,759.66,759.36,758.84,759.81
"1824-09-10",1824,9,10,762.51,762.51,761.69,761.01
"1824-09-11",1824,9,11,761.61,762.06,762.44,763.34
"1824-09-12",1824,9,12,762.44,762.14,761.46,763.49
"1824-09-13",1824,9,13,769.34,769.42,769.49,770.09
"1824-09-14",1824,9,14,769.72,768.82,768.14,768.37
"1824-09-15",1824,9,15,768.52,768.44,768.07,768.37
"1824-09-16",1824,9,16,769.94,769.57,768.97,769.27
"1824-09-17",1824,9,17,768.82,768.29,767.09,766.87
"1824-09-18",1824,9,18,765.97,765.22,764.31,763.86
"1824-09-19",1824,9,19,764.16,763.79,763.11,763.04
"1824-09-20",1824,9,20,762.14,762.06,761.54,761.24
"1824-09-21",1824,9,21,762.81,762.74,762.74,763.56
"1824-09-22",1824,9,22,765.44,765.44,765.14,764.99
"1824-09-23",1824,9,23,763.26,763.04,762.59,764.54
"1824-09-24",1824,9,24,765.44,765.14,764.46,764.69
"1824-09-25",1824,9,25,763.71,762.66,761.91,760.71
"1824-09-26",1824,9,26,763.11,763.71,764.01,763.94
"1824-09-27",1824,9,27,759.66,757.19,755.01,756.81
"1824-09-28",1824,9,28,760.94,761.84,762.36,763.71
"1824-09-29",1824,9,29,763.34,763.26,762.06,761.76
"1824-09-30",1824,9,30,758.76,756.81,755.01,753.36
"1824-10-01",1824,10,1,746.76,745.34,758.99,762.96
"1824-10-02",1824,10,2,756.06,755.99,767.09,767.69
"1824-10-03",1824,10,3,762.29,762.59,761.91,760.86
"1824-10-04",1824,10,4,759.06,758.31,757.34,759.14
"1824-10-05",1824,10,5,756.06,757.71,754.04,753.51
"1824-10-06",1824,10,6,750.74,749.91,749.16,749.24
"1824-10-07",1824,10,7,750.44,750.14,749.84,750.51
"1824-10-08",1824,10,8,750.44,749.99,748.86,750.06
"1824-10-09",1824,10,9,755.69,756.66,756.66,757.94
"1824-10-10",1824,10,10,755.69,753.81,750.89,745.79
"1824-10-11",1824,10,11,741.21,741.06,740.61,740.16
"1824-10-12",1824,10,12,735.66,735.59,736.04,741.51
"1824-10-14",1824,10,14,758.16,757.26,756.89,757.49
"1824-10-15",1824,10,15,757.19,756.44,755.76,756.51
"1824-10-16",1824,10,16,760.64,761.31,761.31,764.16
"1824-10-17",1824,10,17,766.79,767.09,766.64,768.29
"1824-10-18",1824,10,18,771.07,771.52,770.92,771.37
"1824-10-19",1824,10,19,772.57,772.12,771.37,771.14
"1824-10-20",1824,10,20,770.47,769.72,768.82,769.12
"1824-10-21",1824,10,21,768.37,767.84,766.64,766.72
"1824-10-22",1824,10,22,765.74,764.69,764.01,763.79
"1824-10-23",1824,10,23,765.07,765.22,765.14,765.14
"1824-10-24",1824,10,24,762.74,760.94,759.51,757.56
"1824-10-25",1824,10,25,758.61,758.09,757.79,759.06
"1824-10-26",1824,10,26,756.66,753.59,753.81,756.29
"1824-10-27",1824,10,27,756.51,758.39,758.99,758.61
"1824-10-28",1824,10,28,758.54,759.21,758.09,757.11
"1824-10-29",1824,10,29,757.34,757.19,756.36,756.14
"1824-10-30",1824,10,30,762.51,764.39,766.64,768.44
"1824-10-31",1824,10,31,770.92,770.02,767.47,762.21
"1824-11-01",1824,11,1,758.09,757.26,756.21,757.04
"1824-11-02",1824,11,2,761.54,761.31,759.44,758.46
"1824-11-03",1824,11,3,762.89,762.81,762.81,762.96
"1824-11-04",1824,11,4,761.69,761.84,762.21,762.51
"1824-11-05",1824,11,5,758.46,758.76,759.74,762.59
"1824-11-06",1824,11,6,766.94,767.69,768.22,768.82
"1824-11-07",1824,11,7,767.77,767.32,766.94,765.52
"1824-11-08",1824,11,8,761.54,759.96,758.91,758.24
"1824-11-09",1824,11,9,763.04,765.44,766.42,769.57
"1824-11-10",1824,11,10,769.12,768.59,767.62,766.34
"1824-11-11",1824,11,11,765.97,766.04,765.74,NA
"1824-11-12",1824,11,12,764.77,766.79,767.99,770.24
"1824-11-13",1824,11,13,772.12,770.47,768.59,760.26
"1824-11-14",1824,11,14,760.04,759.21,758.09,758.24
"1824-11-15",1824,11,15,765.37,765.89,765.74,768.59
"1824-11-16",1824,11,16,773.99,773.84,772.87,771.52
"1824-11-17",1824,11,17,767.54,765.52,763.04,762.14
"1824-11-18",1824,11,18,760.41,760.04,759.59,759.06
"1824-11-19",1824,11,19,761.24,760.34,758.76,757.34
"1824-11-20",1824,11,20,755.76,754.79,755.31,757.56
"1824-11-21",1824,11,21,755.16,754.56,753.66,753.59
"1824-11-22",1824,11,22,755.84,755.46,754.26,748.79
"1824-11-23",1824,11,23,740.01,739.41,739.11,740.61
"1824-11-24",1824,11,24,745.56,745.79,746.46,747.81
"1824-11-25",1824,11,25,749.91,750.29,751.79,754.26
"1824-11-26",1824,11,26,756.29,756.81,756.59,755.91
"1824-11-27",1824,11,27,756.81,757.71,758.39,760.49
"1824-11-28",1824,11,28,762.66,762.21,761.31,758.24
"1824-11-29",1824,11,29,753.66,754.11,754.71,756.74
"1824-11-30",1824,11,30,760.19,758.99,757.34,755.54
"1824-12-01",1824,12,1,751.56,752.46,752.69,755.99
"1824-12-02",1824,12,2,760.49,760.34,759.59,757.71
"1824-12-03",1824,12,3,754.41,755.46,756.36,757.41
"1824-12-04",1824,12,4,753.81,NA,752.31,753.51
"1824-12-05",1824,12,5,754.94,755.46,756.74,762.06
"1824-12-06",1824,12,6,762.59,761.69,761.24,759.81
"1824-12-07",1824,12,7,757.19,757.11,756.81,760.56
"1824-12-08",1824,12,8,765.07,765.07,764.39,763.79
"1824-12-09",1824,12,9,761.39,760.71,759.81,758.99
"1824-12-10",1824,12,10,762.36,764.54,766.04,769.42
"1824-12-11",1824,12,11,772.27,772.12,771.74,771.82
"1824-12-12",1824,12,12,773.77,774.67,774.97,777.44
"1824-12-13",1824,12,13,778.72,778.27,777.37,778.42
"1824-12-14",1824,12,14,778.49,778.27,776.77,774.97
"1824-12-15",1824,12,15,771.82,770.77,769.19,767.54
"1824-12-16",1824,12,16,762.06,761.69,761.39,764.54
"1824-12-17",1824,12,17,767.69,768.14,767.92,768.44
"1824-12-18",1824,12,18,770.54,771.29,771.22,771.82
"1824-12-19",1824,12,19,772.19,771.82,771.07,769.49
"1824-12-20",1824,12,20,759.59,758.61,757.64,762.44
"1824-12-21",1824,12,21,762.74,760.26,757.86,755.61
"1824-12-22",1824,12,22,751.94,747.81,745.71,746.91
"1824-12-23",1824,12,23,759.21,761.54,764.16,766.87
"1824-12-24",1824,12,24,764.31,759.14,756.36,761.54
"1824-12-25",1824,12,25,762.06,759.81,759.74,760.34
"1824-12-26",1824,12,26,765.37,766.79,768.67,771.07
"1824-12-27",1824,12,27,770.92,769.34,768.14,766.94
"1824-12-28",1824,12,28,767.17,768.07,766.19,765.44
"1824-12-29",1824,12,29,762.81,765.14,766.87,772.42
"1824-12-30",1824,12,30,776.92,776.69,776.62,776.84
"1824-12-31",1824,12,31,777.52,776.62,775.64,775.49
"1825-01-01",1825,1,1,774.59,774.82,774.07,770.84
"1825-01-02",1825,1,2,768.44,767.24,767.24,770.99
"1825-01-03",1825,1,3,776.99,776.32,774.89,773.47
"1825-01-04",1825,1,4,768.44,766.64,766.49,767.77
"1825-01-05",1825,1,5,776.39,777.29,777.59,779.24
"1825-01-06",1825,1,6,781.94,782.17,782.02,781.94
"1825-01-07",1825,1,7,780.44,778.64,777.74,776.77
"1825-01-08",1825,1,8,779.09,780.29,780.82,781.79
"1825-01-09",1825,1,9,782.47,782.62,782.92,782.99
"1825-01-10",1825,1,10,783.37,782.99,782.69,782.47
"1825-01-11",1825,1,11,782.09,781.04,780.37,780.29
"1825-01-12",1825,1,12,780.14,780.22,779.62,779.47
"1825-01-13",1825,1,13,778.34,777.89,776.99,777.29
"1825-01-14",1825,1,14,777.14,775.57,774.89,774.59
"1825-01-15",1825,1,15,773.24,772.19,771.29,770.69
"1825-01-16",1825,1,16,767.09,764.99,763.41,759.96
"1825-01-17",1825,1,17,761.54,763.11,765.14,768.67
"1825-01-18",1825,1,18,763.19,759.96,757.34,755.46
"1825-01-19",1825,1,19,755.24,755.16,754.56,755.24
"1825-01-20",1825,1,20,756.06,755.46,755.39,755.61
"1825-01-21",1825,1,21,755.24,754.79,754.86,756.74
"1825-01-22",1825,1,22,760.04,760.04,760.11,760.64
"1825-01-23",1825,1,23,764.99,765.44,765.29,765.82
"1825-01-24",1825,1,24,766.42,765.67,765.22,764.69
"1825-01-25",1825,1,25,760.79,759.21,759.21,762.44
"1825-01-26",1825,1,26,768.07,768.29,768.07,768.97
"1825-01-27",1825,1,27,772.19,771.89,771.67,771.37
"1825-01-28",1825,1,28,777.29,778.27,779.47,781.87
"1825-01-29",1825,1,29,782.62,782.32,781.57,781.19
"1825-01-30",1825,1,30,780.89,780.67,779.77,780.29
"1825-01-31",1825,1,31,780.74,780.37,779.47,779.02
"1825-02-01",1825,2,1,774.67,773.09,771.22,770.02
"1825-02-02",1825,2,2,777.14,776.84,775.57,771.52
"1825-02-03",1825,2,3,761.46,758.99,756.59,756.14
"1825-02-04",1825,2,4,757.79,758.31,760.04,759.51
"1825-02-05",1825,2,5,757.86,758.76,758.39,758.69
"1825-02-06",1825,2,6,763.41,764.69,766.12,768.82
"1825-02-07",1825,2,7,773.62,773.54,773.09,770.32
"1825-02-08",1825,2,8,764.16,766.12,766.79,768.97
"1825-02-09",1825,2,9,774.29,775.27,775.72,777.74
"1825-02-10",1825,2,10,779.17,779.09,778.49,779.32
"1825-02-11",1825,2,11,780.29,779.99,778.94,779.09
"1825-02-12",1825,2,12,779.62,778.87,778.19,777.74
"1825-02-13",1825,2,13,779.24,778.49,777.44,777.29
"1825-02-14",1825,2,14,775.34,774.52,773.17,772.04
"1825-02-15",1825,2,15,769.34,768.29,766.57,765.89
"1825-02-16",1825,2,16,766.87,767.69,767.62,768.89
"1825-02-17",1825,2,17,770.17,769.64,768.59,767.69
"1825-02-18",1825,2,18,766.79,766.94,767.02,768.59
"1825-02-19",1825,2,19,771.22,770.84,770.54,771.67
"1825-02-20",1825,2,20,774.07,774.22,773.69,774.97
"1825-02-21",1825,2,21,776.99,776.69,776.09,776.09
"1825-02-22",1825,2,22,775.87,775.34,774.07,772.27
"1825-02-23",1825,2,23,768.89,768.22,766.94,767.69
"1825-02-24",1825,2,24,769.64,769.49,769.12,770.77
"1825-02-25",1825,2,25,772.64,771.97,771.44,771.82
"1825-02-26",1825,2,26,771.67,771.44,770.47,770.17
"1825-02-27",1825,2,27,766.12,763.49,758.84,753.81
"1825-02-28",1825,2,28,752.24,751.56,753.29,758.91
"1825-03-01",1825,3,1,760.94,760.11,757.26,749.99
"1825-03-02",1825,3,2,749.91,749.39,748.94,746.39
"1825-03-03",1825,3,3,754.56,755.09,754.26,754.11
"1825-03-04",1825,3,4,757.94,757.86,757.94,760.41
"1825-03-05",1825,3,5,769.42,770.54,770.99,772.57
"1825-03-06",1825,3,6,771.89,770.62,768.59,765.74
"1825-03-07",1825,3,7,760.71,760.19,760.56,763.56
"1825-03-08",1825,3,8,770.62,771.37,771.44,773.24
"1825-03-09",1825,3,9,774.59,773.92,772.72,772.79
"1825-03-10",1825,3,10,773.24,772.87,771.82,772.57
"1825-03-11",1825,3,11,772.64,771.67,770.17,769.04
"1825-03-12",1825,3,12,767.69,767.99,768.07,768.82
"1825-03-13",1825,3,13,768.14,767.24,766.19,764.84
"1825-03-14",1825,3,14,765.44,765.52,764.92,765.22
"1825-03-15",1825,3,15,767.17,767.62,767.69,769.19
"1825-03-16",1825,3,16,768.89,768.22,768.07,770.32
"1825-03-17",1825,3,17,775.87,776.24,776.17,777.29
"1825-03-18",1825,3,18,779.09,778.19,777.59,777.89
"1825-03-19",1825,3,19,777.37,776.77,776.17,776.54
"1825-03-20",1825,3,20,778.49,778.12,777.14,777.14
"1825-03-21",1825,3,21,777.59,775.49,773.84,772.49
"1825-03-22",1825,3,22,770.32,768.67,766.94,765.74
"1825-03-23",1825,3,23,765.37,765.07,764.01,763.94
"1825-03-24",1825,3,24,763.64,762.66,761.39,761.16
"1825-03-25",1825,3,25,760.49,758.91,757.79,757.86
"1825-03-26",1825,3,26,761.61,761.91,761.31,761.99
"1825-03-27",1825,3,27,762.14,761.31,760.19,761.76
"1825-03-28",1825,3,28,763.41,762.66,761.76,761.54
"1825-03-29",1825,3,29,761.91,761.01,760.19,760.64
"1825-03-30",1825,3,30,763.49,763.49,763.19,765.14
"1825-03-31",1825,3,31,767.47,767.32,765.97,768.59
"1825-04-01",1825,4,1,771.74,771.29,770.54,771.59
"1825-04-02",1825,4,2,773.69,772.72,771.97,771.89
"1825-04-03",1825,4,3,772.57,771.97,770.69,770.62
"1825-04-04",1825,4,4,770.02,769.64,768.22,768.52
"1825-04-05",1825,4,5,769.49,769.19,768.52,768.89
"1825-04-06",1825,4,6,770.39,769.34,767.99,768.29
"1825-04-07",1825,4,7,770.32,769.64,768.97,769.49
"1825-04-08",1825,4,8,770.99,770.09,769.04,768.52
"1825-04-09",1825,4,9,768.82,768.22,767.47,768.22
"1825-04-10",1825,4,10,770.62,770.17,769.57,769.79
"1825-04-11",1825,4,11,769.04,768.14,767.09,767.17
"1825-04-12",1825,4,12,768.29,767.99,767.24,768.44
"1825-04-13",1825,4,13,768.97,768.22,767.32,769.27
"1825-04-14",1825,4,14,770.17,769.72,769.12,769.79
"1825-04-15",1825,4,15,771.37,770.99,770.09,770.62
"1825-04-16",1825,4,16,770.69,769.72,768.37,768.07
"1825-04-17",1825,4,17,768.59,768.29,767.69,769.49
"1825-04-18",1825,4,18,768.44,767.47,765.89,766.34
"1825-04-19",1825,4,19,768.67,768.97,768.67,769.34
"1825-04-20",1825,4,20,770.69,769.72,768.52,769.64
"1825-04-21",1825,4,21,766.64,765.97,764.54,762.59
"1825-04-22",1825,4,22,759.59,757.86,755.91,753.59
"1825-04-23",1825,4,23,753.06,752.24,751.49,750.29
"1825-04-24",1825,4,24,750.44,750.36,750.89,752.76
"1825-04-25",1825,4,25,757.34,757.49,756.81,756.59
"1825-04-26",1825,4,26,754.49,753.14,751.34,749.46
"1825-04-27",1825,4,27,748.41,748.86,748.86,750.74
"1825-04-28",1825,4,28,750.66,750.29,749.76,750.29
"1825-04-29",1825,4,29,752.69,753.14,754.04,756.14
"1825-04-30",1825,4,30,758.69,758.84,759.06,760.41
"1825-05-01",1825,5,1,761.01,759.06,758.01,757.41
"1825-05-02",1825,5,2,760.41,759.06,757.79,755.84
"1825-05-03",1825,5,3,761.76,763.04,763.26,764.09
"1825-05-04",1825,5,4,764.77,764.16,763.71,762.89
"1825-05-05",1825,5,5,761.76,761.39,760.94,760.86
"1825-05-06",1825,5,6,760.79,NA,759.74,758.99
"1825-05-07",1825,5,7,761.84,762.36,762.51,763.64
"1825-05-08",1825,5,8,765.89,765.67,765.22,767.09
"1825-05-09",1825,5,9,767.77,767.32,766.04,765.74
"1825-05-10",1825,5,10,765.14,764.69,763.86,763.64
"1825-05-11",1825,5,11,763.64,762.96,762.06,761.84
"1825-05-12",1825,5,12,760.79,760.19,758.99,759.44
"1825-05-13",1825,5,13,760.34,760.04,759.59,759.74
"1825-05-14",1825,5,14,763.34,763.34,763.34,764.99
"1825-05-15",1825,5,15,765.97,764.99,763.94,763.41
"1825-05-16",1825,5,16,764.31,763.94,763.71,764.39
"1825-05-17",1825,5,17,766.04,766.04,766.12,767.84
"1825-05-18",1825,5,18,769.42,769.12,768.52,767.99
"1825-05-19",1825,5,19,769.27,768.89,768.44,768.22
"1825-05-20",1825,5,20,768.29,767.54,766.72,766.19
"1825-05-21",1825,5,21,766.72,766.27,765.29,765.44
"1825-05-22",1825,5,22,765.37,764.99,764.09,763.56
"1825-05-23",1825,5,23,763.41,762.29,760.41,760.11
"1825-05-24",1825,5,24,762.21,761.84,760.34,759.06
"1825-05-25",1825,5,25,759.89,759.29,758.76,757.86
"1825-05-26",1825,5,26,757.56,756.66,756.51,755.61
"1825-05-27",1825,5,27,756.14,755.91,755.99,758.99
"1825-05-28",1825,5,28,762.44,762.44,762.21,762.14
"1825-05-29",1825,5,29,763.56,763.26,762.96,763.11
"1825-05-30",1825,5,30,763.71,763.26,762.89,765.29
"1825-05-31",1825,5,31,768.89,770.02,770.09,771.74
"1825-06-01",1825,6,1,773.77,773.69,773.09,773.09
"1825-06-02",1825,6,2,771.44,770.02,768.14,765.37
"1825-06-03",1825,6,3,761.46,760.94,760.94,761.16
"1825-06-04",1825,6,4,758.76,757.11,754.34,750.96
"1825-06-05",1825,6,5,753.96,755.01,755.54,759.29
"1825-06-06",1825,6,6,765.74,766.04,766.42,765.82
"1825-06-07",1825,6,7,765.29,764.69,764.09,763.86
"1825-06-08",1825,6,8,765.29,763.71,763.34,763.86
"1825-06-09",1825,6,9,766.87,767.09,767.17,769.04
"1825-06-10",1825,6,10,770.84,770.32,769.34,768.74
"1825-06-11",1825,6,11,767.77,767.02,766.12,765.37
"1825-06-12",1825,6,12,765.22,764.16,763.26,763.11
"1825-06-13",1825,6,13,764.24,764.01,763.64,763.94
"1825-06-14",1825,6,14,766.04,765.82,764.77,765.82
"1825-06-15",1825,6,15,767.24,766.12,765.59,765.37
"1825-06-16",1825,6,16,765.22,764.69,763.86,763.79
"1825-06-17",1825,6,17,764.54,763.86,763.41,764.69
"1825-06-18",1825,6,18,767.02,766.57,765.97,765.52
"1825-06-19",1825,6,19,764.84,763.64,762.29,760.49
"1825-06-20",1825,6,20,756.44,755.39,755.31,757.04
"1825-06-21",1825,6,21,759.29,759.96,760.26,762.21
"1825-06-22",1825,6,22,765.82,765.74,765.44,766.12
"1825-06-23",1825,6,23,767.17,766.64,765.97,765.44
"1825-06-24",1825,6,24,764.61,763.49,762.81,762.14
"1825-06-25",1825,6,25,760.94,760.71,760.56,759.36
"1825-06-26",1825,6,26,762.59,762.66,762.66,762.21
"1825-06-27",1825,6,27,762.66,762.59,762.29,762.14
"1825-06-28",1825,6,28,760.34,759.96,758.84,758.24
"1825-06-29",1825,6,29,759.29,759.89,759.96,761.54
"1825-06-30",1825,6,30,760.41,759.74,758.69,759.29
"1825-07-01",1825,7,1,759.66,760.41,761.31,762.36
"1825-07-02",1825,7,2,766.64,767.24,767.24,767.99
"1825-07-03",1825,7,3,768.44,767.54,766.42,765.59
"1825-07-04",1825,7,4,767.47,767.54,767.77,768.97
"1825-07-05",1825,7,5,770.47,769.42,768.37,767.92
"1825-07-06",1825,7,6,766.64,765.29,764.39,763.49
"1825-07-07",1825,7,7,762.66,762.29,761.69,761.24
"1825-07-08",1825,7,8,762.36,761.99,761.39,762.29
"1825-07-09",1825,7,9,764.24,763.56,762.51,762.66
"1825-07-10",1825,7,10,764.09,763.19,762.21,762.06
"1825-07-11",1825,7,11,762.81,762.21,761.84,761.76
"1825-07-12",1825,7,12,762.96,762.81,762.36,763.11
"1825-07-13",1825,7,13,766.42,766.34,765.82,766.87
"1825-07-14",1825,7,14,767.39,766.64,765.52,764.99
"1825-07-15",1825,7,15,764.69,763.94,762.96,763.04
"1825-07-16",1825,7,16,765.67,765.44,765.37,766.04
"1825-07-17",1825,7,17,767.54,766.64,765.89,765.29
"1825-07-18",1825,7,18,765.97,765.29,764.46,764.54
"1825-07-19",1825,7,19,765.89,765.07,764.39,764.77
"1825-07-20",1825,7,20,765.82,765.37,764.61,764.84
"1825-07-21",1825,7,21,766.12,765.67,764.77,765.37
"1825-07-22",1825,7,22,766.19,765.29,763.79,762.51
"1825-07-23",1825,7,23,761.31,760.64,759.74,760.26
"1825-07-24",1825,7,24,761.69,761.76,762.36,764.46
"1825-07-25",1825,7,25,768.52,768.37,767.92,769.04
"1825-07-26",1825,7,26,769.87,769.04,767.99,767.99
"1825-07-27",1825,7,27,767.62,766.79,765.97,766.27
"1825-07-28",1825,7,28,765.37,764.61,763.79,763.56
"1825-07-29",1825,7,29,765.37,764.61,763.49,763.49
"1825-07-30",1825,7,30,764.16,763.34,762.14,761.39
"1825-07-31",1825,7,31,761.39,760.56,760.49,760.94
"1825-08-01",1825,8,1,762.81,762.74,762.66,763.56
"1825-08-02",1825,8,2,764.31,763.34,762.74,763.11
"1825-08-03",1825,8,3,765.89,764.99,763.41,761.54
"1825-08-04",1825,8,4,759.36,758.09,757.56,753.96
"1825-08-05",1825,8,5,754.64,755.39,755.84,758.01
"1825-08-06",1825,8,6,760.26,759.89,759.66,759.06
"1825-08-07",1825,8,7,761.09,761.39,760.41,760.94
"1825-08-08",1825,8,8,760.19,759.51,758.61,759.14
"1825-08-09",1825,8,9,759.14,758.69,758.16,757.94
"1825-08-10",1825,8,10,758.24,758.24,758.84,759.59
"1825-08-11",1825,8,11,762.44,762.74,763.71,765.44
"1825-08-12",1825,8,12,766.12,765.44,764.69,764.01
"1825-08-13",1825,8,13,761.39,760.26,758.24,756.21
"1825-08-14",1825,8,14,753.59,753.66,753.96,753.66
"1825-08-15",1825,8,15,754.26,754.34,754.86,756.21
"1825-08-16",1825,8,16,759.81,760.34,760.64,761.54
"1825-08-17",1825,8,17,761.31,761.16,761.16,761.54
"1825-08-18",1825,8,18,761.61,761.99,762.44,765.74
"1825-08-19",1825,8,19,768.67,768.22,767.24,766.49
"1825-08-20",1825,8,20,770.02,770.02,769.72,771.44
"1825-08-21",1825,8,21,771.52,770.99,770.02,769.72
"1825-08-22",1825,8,22,768.74,768.14,766.94,766.79
"1825-08-23",1825,8,23,766.34,765.37,764.61,764.54
"1825-08-24",1825,8,24,765.14,764.61,764.09,764.46
"1825-08-25",1825,8,25,765.07,764.69,763.71,764.46
"1825-08-26",1825,8,26,765.29,764.84,764.24,764.01
"1825-08-27",1825,8,27,763.04,762.29,761.61,761.84
"1825-08-28",1825,8,28,763.79,763.64,763.86,765.52
"1825-08-29",1825,8,29,767.54,767.47,766.72,NA
"1825-08-30",1825,8,30,766.94,766.27,765.22,765.07
"1825-08-31",1825,8,31,764.99,764.16,763.19,763.26
"1825-09-01",1825,9,1,764.46,763.71,763.04,763.56
"1825-09-02",1825,9,2,765.67,765.29,764.84,766.04
"1825-09-03",1825,9,3,768.29,767.47,766.12,765.59
"1825-09-04",1825,9,4,763.56,762.74,761.69,762.44
"1825-09-05",1825,9,5,762.74,762.89,762.14,763.26
"1825-09-06",1825,9,6,762.96,762.29,761.24,761.46
"1825-09-07",1825,9,7,759.74,758.61,757.49,757.11
"1825-09-08",1825,9,8,756.81,756.14,755.69,756.29
"1825-09-09",1825,9,9,758.69,758.61,758.39,759.14
"1825-09-10",1825,9,10,758.46,757.34,755.76,755.09
"1825-09-12",1825,9,12,761.16,761.69,758.61,761.46
"1825-09-13",1825,9,13,757.86,757.34,756.59,754.41
"1825-09-14",1825,9,14,749.91,749.39,748.71,748.26
"1825-09-15",1825,9,15,752.16,753.81,755.46,759.51
"1825-09-16",1825,9,16,762.59,762.66,762.29,761.54
"1825-09-17",1825,9,17,761.99,760.94,760.19,759.89
"1825-09-18",1825,9,18,763.19,763.11,762.36,762.66
"1825-09-19",1825,9,19,763.56,763.04,762.14,761.76
"1825-09-20",1825,9,20,762.14,761.24,759.74,758.01
"1825-09-21",1825,9,21,758.09,NA,758.61,758.39
"1825-09-22",1825,9,22,760.94,761.46,761.99,763.34
"1825-09-23",1825,9,23,766.04,766.57,766.19,767.54
"1825-09-24",1825,9,24,769.12,768.97,767.84,768.22
"1825-09-25",1825,9,25,768.67,768.14,767.24,766.12
"1825-09-26",1825,9,26,764.99,764.54,763.71,765.37
"1825-09-27",1825,9,27,768.52,767.84,768.22,769.72
"1825-09-28",1825,9,28,771.67,771.22,770.02,770.32
"1825-09-29",1825,9,29,769.27,767.99,766.04,765.22
"1825-09-30",1825,9,30,762.89,762.51,761.69,761.01
"1825-10-01",1825,10,1,762.36,762.51,762.06,761.09
"1825-10-02",1825,10,2,759.81,759.51,758.91,758.91
"1825-10-03",1825,10,3,757.86,757.79,757.41,758.76
"1825-10-04",1825,10,4,763.49,764.16,764.39,766.79
"1825-10-05",1825,10,5,769.79,769.72,769.72,769.49
"1825-10-06",1825,10,6,768.44,767.39,765.89,762.81
"1825-10-07",1825,10,7,763.49,764.01,765.29,768.82
"1825-10-08",1825,10,8,768.59,767.47,765.59,763.56
"1825-10-09",1825,10,9,764.77,765.97,766.79,769.72
"1825-10-10",1825,10,10,773.92,773.77,773.54,774.22
"1825-10-11",1825,10,11,775.34,774.52,774.14,772.19
"1825-10-12",1825,10,12,769.79,768.97,768.29,768.59
"1825-10-13",1825,10,13,770.02,769.57,769.64,NA
"1825-10-14",1825,10,14,770.32,769.94,769.04,770.02
"1825-10-15",1825,10,15,774.22,770.17,775.34,777.14
"1825-10-16",1825,10,16,777.14,776.02,775.19,774.67
"1825-10-17",1825,10,17,772.94,771.82,770.02,768.67
"1825-10-18",1825,10,18,771.22,769.42,766.79,759.74
"1825-10-19",1825,10,19,752.09,750.06,747.21,740.24
"1825-10-20",1825,10,20,736.26,737.46,741.66,746.01
"1825-10-21",1825,10,21,749.84,750.36,750.74,752.84
"1825-10-22",1825,10,22,758.84,760.04,761.46,762.81
"1825-10-23",1825,10,23,765.52,765.37,765.37,766.42
"1825-10-24",1825,10,24,766.64,765.97,764.77,763.41
"1825-10-25",1825,10,25,763.86,763.49,763.04,763.41
"1825-10-26",1825,10,26,766.87,766.94,765.82,765.14
"1825-10-27",1825,10,27,764.54,765.07,764.92,766.79
"1825-10-28",1825,10,28,766.79,766.57,765.97,766.19
"1825-10-29",1825,10,29,768.37,768.37,767.77,767.24
"1825-10-30",1825,10,30,769.49,768.97,768.07,767.17
"1825-10-31",1825,10,31,765.74,765.97,766.04,766.79
"1825-11-01",1825,11,1,767.62,766.72,764.54,762.66
"1825-11-02",1825,11,2,762.29,762.29,761.31,758.91
"1825-11-03",1825,11,3,749.31,747.51,747.06,747.81
"1825-11-04",1825,11,4,752.84,753.96,754.71,758.24
"1825-11-05",1825,11,5,763.71,764.39,764.77,764.16
"1825-11-06",1825,11,6,755.91,753.59,751.34,748.94
"1825-11-07",1825,11,7,743.61,744.89,746.31,752.09
"1825-11-08",1825,11,8,755.16,753.89,751.49,748.11
"1825-11-09",1825,11,9,747.29,747.66,746.76,743.91
"1825-11-10",1825,11,10,734.99,734.76,733.19,739.86
"1825-11-11",1825,11,11,747.81,747.81,747.51,751.71
"1825-11-12",1825,11,12,756.89,757.71,758.39,760.19
"1825-11-13",1825,11,13,762.44,762.21,761.69,761.84
"1825-11-14",1825,11,14,763.04,762.44,761.46,761.76
"1825-11-15",1825,11,15,763.94,764.24,764.69,768.07
"1825-11-16",1825,11,16,768.22,767.92,768.44,770.02
"1825-11-17",1825,11,17,770.99,770.17,768.74,766.87
"1825-11-18",1825,11,18,766.19,766.79,766.64,765.22
"1825-11-19",1825,11,19,762.51,761.76,761.46,764.61
"1825-11-20",1825,11,20,770.17,770.84,771.29,771.74
"1825-11-21",1825,11,21,769.79,767.54,765.89,764.54
"1825-11-22",1825,11,22,765.67,765.29,764.77,767.09
"1825-11-23",1825,11,23,773.24,773.77,773.77,773.92
"1825-11-24",1825,11,24,772.19,771.74,770.62,769.34
"1825-11-25",1825,11,25,770.17,771.07,771.67,772.49
"1825-11-26",1825,11,26,773.77,771.59,769.27,766.34
"1825-11-27",1825,11,27,765.44,765.67,765.29,762.66
"1825-11-28",1825,11,28,757.26,749.76,752.39,751.94
"1825-11-29",1825,11,29,746.91,744.96,744.89,744.44
"1825-11-30",1825,11,30,748.19,750.81,751.94,755.76
"1825-12-01",1825,12,1,755.24,753.89,752.91,749.31
"1825-12-02",1825,12,2,745.11,745.19,745.34,746.69
"1825-12-03",1825,12,3,749.99,750.59,749.09,745.41
"1825-12-04",1825,12,4,744.21,745.04,746.61,749.31
"1825-12-05",1825,12,5,749.54,749.31,748.49,750.96
"1825-12-06",1825,12,6,752.16,750.59,749.76,747.59
"1825-12-07",1825,12,7,745.49,744.81,744.06,745.19
"1825-12-08",1825,12,8,745.56,745.79,745.11,745.49
"1825-12-09",1825,12,9,748.71,748.71,749.16,751.56
"1825-12-10",1825,12,10,755.54,756.21,756.74,758.01
"1825-12-11",1825,12,11,760.11,759.89,759.89,760.04
"1825-12-12",1825,12,12,761.16,761.01,760.41,760.79
"1825-12-13",1825,12,13,761.91,761.54,761.09,760.26
"1825-12-14",1825,12,14,757.94,756.59,754.71,751.86
"1825-12-15",1825,12,15,756.89,759.44,760.94,763.49
"1825-12-16",1825,12,16,763.26,763.86,764.01,764.92
"1825-12-17",1825,12,17,764.16,764.01,763.26,763.26
"1825-12-18",1825,12,18,761.54,760.94,759.66,757.94
"1825-12-19",1825,12,19,753.06,752.24,752.69,754.49
"1825-12-20",1825,12,20,752.84,751.34,750.59,750.06
"1825-12-21",1825,12,21,751.79,752.39,752.16,751.56
"1825-12-22",1825,12,22,754.56,754.56,754.26,NA
"1825-12-23",1825,12,23,762.51,763.34,763.64,762.81
"1825-12-24",1825,12,24,765.59,766.72,767.99,769.12
"1825-12-25",1825,12,25,767.17,764.39,760.94,762.81
"1825-12-26",1825,12,26,765.74,764.16,761.61,757.26
"1825-12-27",1825,12,27,760.34,759.96,759.96,758.91
"1825-12-28",1825,12,28,757.56,756.74,756.14,755.39
"1825-12-29",1825,12,29,754.19,753.14,752.99,750.66
"1825-12-30",1825,12,30,753.06,754.49,755.76,757.19
"1825-12-31",1825,12,31,761.31,761.46,762.14,762.36
"1826-01-01",1826,1,1,763.94,763.49,763.34,763.41
"1826-01-02",1826,1,2,762.36,761.54,761.01,760.19
"1826-01-03",1826,1,3,759.96,759.29,759.29,759.06
"1826-01-04",1826,1,4,759.89,758.91,758.84,758.46
"1826-01-05",1826,1,5,759.14,758.46,757.34,756.44
"1826-01-06",1826,1,6,753.66,753.36,754.11,754.71
"1826-01-07",1826,1,7,755.16,754.64,755.01,756.29
"1826-01-08",1826,1,8,757.86,757.41,757.41,758.01
"1826-01-09",1826,1,9,759.81,759.14,759.29,759.14
"1826-01-10",1826,1,10,757.71,756.44,756.14,756.14
"1826-01-11",1826,1,11,757.64,757.41,757.71,758.46
"1826-01-12",1826,1,12,759.21,758.91,759.21,760.41
"1826-01-13",1826,1,13,763.79,763.71,764.46,765.67
"1826-01-14",1826,1,14,767.92,767.39,767.39,767.39
"1826-01-15",1826,1,15,770.32,770.84,771.52,772.79
"1826-01-16",1826,1,16,777.67,778.12,778.94,779.84
"1826-01-17",1826,1,17,782.17,781.57,780.97,781.04
"1826-01-18",1826,1,18,779.24,777.97,776.54,774.52
"1826-01-19",1826,1,19,768.67,766.49,765.52,764.92
"1826-01-20",1826,1,20,767.47,767.92,768.22,769.64
"1826-01-21",1826,1,21,770.39,770.09,769.94,769.64
"1826-01-22",1826,1,22,769.79,769.64,769.27,769.04
"1826-01-23",1826,1,23,769.64,770.24,770.39,771.59
"1826-01-24",1826,1,24,773.54,773.69,773.47,773.92
"1826-01-25",1826,1,25,771.97,771.07,769.87,769.87
"1826-01-26",1826,1,26,770.24,769.87,769.79,770.54
"1826-01-27",1826,1,27,771.82,771.82,771.14,771.82
"1826-01-28",1826,1,28,773.09,772.64,771.22,770.92
"1826-01-29",1826,1,29,769.27,768.29,767.17,766.49
"1826-01-30",1826,1,30,764.46,763.11,761.69,761.39
"1826-01-31",1826,1,31,762.89,762.51,761.61,761.09
"1826-02-01",1826,2,1,762.21,761.91,761.31,761.91
"1826-02-02",1826,2,2,764.69,764.54,764.24,764.01
"1826-02-03",1826,2,3,764.54,763.11,761.46,761.61
"1826-02-04",1826,2,4,764.09,763.71,762.96,762.74
"1826-02-05",1826,2,5,767.02,767.24,766.64,765.82
"1826-02-06",1826,2,6,763.11,763.04,761.84,762.59
"1826-02-07",1826,2,7,769.12,769.72,770.62,773.47
"1826-02-08",1826,2,8,775.79,775.19,774.59,773.99
"1826-02-09",1826,2,9,772.19,771.44,770.17,769.79
"1826-02-10",1826,2,10,770.32,770.24,770.02,769.72
"1826-02-11",1826,2,11,769.64,769.19,768.67,769.04
"1826-02-12",1826,2,12,769.87,769.49,769.34,770.47
"1826-02-13",1826,2,13,771.37,770.24,768.82,768.29
"1826-02-14",1826,2,14,767.17,767.09,766.57,766.79
"1826-02-15",1826,2,15,766.34,765.07,763.56,762.21
"1826-02-16",1826,2,16,760.11,760.64,760.56,761.54
"1826-02-17",1826,2,17,756.44,755.09,754.71,757.41
"1826-02-18",1826,2,18,763.34,763.26,763.04,764.09
"1826-02-19",1826,2,19,764.39,762.51,761.76,761.99
"1826-02-20",1826,2,20,765.44,766.64,767.92,767.84
"1826-02-21",1826,2,21,775.42,776.09,775.34,774.44
"1826-02-22",1826,2,22,771.82,770.24,769.04,767.39
"1826-02-23",1826,2,23,765.74,763.86,762.14,762.21
"1826-02-24",1826,2,24,769.34,770.47,770.92,772.27
"1826-02-25",1826,2,25,769.19,768.74,768.74,770.92
"1826-02-26",1826,2,26,776.99,776.99,777.22,777.97
"1826-02-27",1826,2,27,777.37,775.42,773.32,771.67
"1826-02-28",1826,2,28,772.04,772.42,772.04,772.12
"1826-03-01",1826,3,1,770.32,769.64,768.07,766.64
"1826-03-02",1826,3,2,764.46,764.09,763.49,763.64
"1826-03-03",1826,3,3,763.19,762.29,761.39,763.49
"1826-03-04",1826,3,4,761.69,761.61,761.09,760.79
"1826-03-05",1826,3,5,762.89,765.97,766.72,769.94
"1826-03-06",1826,3,6,771.59,770.47,768.37,766.27
"1826-03-07",1826,3,7,766.34,766.04,765.52,766.79
"1826-03-08",1826,3,8,767.77,NA,766.34,767.09
"1826-03-09",1826,3,9,770.39,770.47,770.24,771.14
"1826-03-10",1826,3,10,772.64,771.82,770.69,770.77
"1826-03-11",1826,3,11,771.07,770.69,770.47,771.82
"1826-03-12",1826,3,12,772.64,771.07,769.87,771.59
"1826-03-13",1826,3,13,772.94,771.89,770.47,769.72
"1826-03-14",1826,3,14,767.92,767.62,765.89,764.69
"1826-03-15",1826,3,15,763.64,762.66,761.69,762.44
"1826-03-16",1826,3,16,766.49,767.54,768.07,770.84
"1826-03-17",1826,3,17,773.09,772.87,771.67,772.04
"1826-03-18",1826,3,18,771.14,770.24,767.99,765.37
"1826-03-19",1826,3,19,761.09,760.94,760.49,762.14
"1826-03-20",1826,3,20,763.26,762.06,760.94,760.94
"1826-03-21",1826,3,21,759.06,758.76,756.89,755.91
"1826-03-24",1826,3,24,747.29,749.99,750.29,752.01
"1826-03-25",1826,3,25,753.06,752.76,751.79,752.54
"1826-03-26",1826,3,26,753.44,751.94,752.01,754.04
"1826-03-27",1826,3,27,756.81,757.94,758.01,760.86
"1826-03-28",1826,3,28,761.46,760.79,759.59,759.59
"1826-03-29",1826,3,29,757.71,756.66,755.99,757.64
"1826-03-30",1826,3,30,765.82,766.72,767.32,770.69
"1826-03-31",1826,3,31,773.09,772.87,772.57,775.64
"1826-04-01",1826,4,1,775.42,774.74,773.54,772.94
"1826-04-02",1826,4,2,772.04,771.37,770.09,770.69
"1826-04-03",1826,4,3,770.99,770.92,770.32,771.89
"1826-04-04",1826,4,4,771.67,771.29,770.47,770.02
"1826-04-05",1826,4,5,768.97,768.82,768.22,769.19
"1826-04-06",1826,4,6,770.69,770.32,769.57,770.32
"1826-04-07",1826,4,7,770.92,770.02,769.72,770.54
"1826-04-08",1826,4,8,769.12,767.84,766.27,764.77
"1826-04-09",1826,4,9,761.46,761.09,760.49,761.84
"1826-04-10",1826,4,10,765.74,766.27,766.27,767.39
"1826-04-11",1826,4,11,765.82,765.22,764.61,763.79
"1826-04-12",1826,4,12,753.81,750.14,749.54,752.46
"1826-04-13",1826,4,13,765.22,766.87,768.29,770.54
"1826-04-14",1826,4,14,772.57,773.02,772.64,773.47
"1826-04-15",1826,4,15,774.37,773.39,772.64,772.04
"1826-04-16",1826,4,16,770.24,769.34,768.74,769.57
"1826-04-17",1826,4,17,771.14,770.54,769.57,769.87
"1826-04-18",1826,4,18,770.39,769.87,768.82,768.97
"1826-04-19",1826,4,19,767.77,766.64,764.92,763.41
"1826-04-20",1826,4,20,759.74,758.84,758.69,758.54
"1826-04-21",1826,4,21,756.96,756.14,755.24,755.69
"1826-04-22",1826,4,22,756.06,755.84,755.61,756.44
"1826-04-23",1826,4,23,757.34,757.04,757.26,758.76
"1826-04-24",1826,4,24,760.64,760.41,760.34,761.76
"1826-04-25",1826,4,25,763.49,762.89,762.89,762.81
"1826-04-26",1826,4,26,757.26,755.31,755.54,756.06
"1826-04-27",1826,4,27,749.99,748.49,748.41,751.04
"1826-04-28",1826,4,28,758.76,759.51,760.56,762.21
"1826-04-29",1826,4,29,764.01,764.46,764.16,766.57
"1826-04-30",1826,4,30,767.77,768.07,767.47,768.82
"1826-05-01",1826,5,1,770.24,769.57,768.89,768.37
"1826-05-02",1826,5,2,766.04,765.22,764.24,NA
"1826-05-03",1826,5,3,764.16,763.56,762.44,762.89
"1826-05-04",1826,5,4,764.09,763.79,763.34,763.56
"1826-05-05",1826,5,5,761.69,761.99,761.91,762.81
"1826-05-06",1826,5,6,762.06,761.84,761.39,761.91
"1826-05-07",1826,5,7,762.36,761.99,761.61,760.94
"1826-05-08",1826,5,8,762.14,762.14,761.99,762.44
"1826-05-09",1826,5,9,763.11,762.89,761.61,761.91
"1826-05-10",1826,5,10,763.41,763.04,762.59,763.79
"1826-05-11",1826,5,11,764.61,764.31,763.64,764.54
"1826-05-12",1826,5,12,766.12,765.74,765.14,766.19
"1826-05-13",1826,5,13,767.17,766.42,765.37,764.69
"1826-05-14",1826,5,14,763.79,762.89,761.76,761.46
"1826-05-15",1826,5,15,763.26,762.74,762.14,763.19
"1826-05-16",1826,5,16,765.67,765.44,765.14,766.42
"1826-05-17",1826,5,17,767.77,767.99,767.32,766.72
"1826-05-18",1826,5,18,767.32,766.34,765.67,765.44
"1826-05-19",1826,5,19,762.66,761.09,759.51,757.64
"1826-05-20",1826,5,20,756.06,756.66,756.21,758.16
"1826-05-21",1826,5,21,761.76,761.84,761.69,762.44
"1826-05-22",1826,5,22,762.51,761.39,759.74,760.34
"1826-05-23",1826,5,23,759.96,758.99,758.46,758.61
"1826-05-24",1826,5,24,758.76,757.94,756.96,756.74
"1826-05-25",1826,5,25,755.31,755.09,754.86,755.61
"1826-05-26",1826,5,26,757.71,757.71,757.11,758.31
"1826-05-27",1826,5,27,759.89,759.21,758.54,758.61
"1826-05-28",1826,5,28,758.46,758.16,757.64,757.71
"1826-05-29",1826,5,29,758.91,759.51,759.66,760.64
"1826-05-30",1826,5,30,761.46,760.64,759.74,760.64
"1826-05-31",1826,5,31,760.94,760.79,759.29,759.89
"1826-06-01",1826,6,1,758.46,758.61,758.09,758.84
"1826-06-03",1826,6,3,765.07,766.04,766.27,768.29
"1826-06-04",1826,6,4,770.32,769.87,769.04,769.27
"1826-06-05",1826,6,5,770.32,769.42,769.42,770.92
"1826-06-06",1826,6,6,771.14,770.39,769.42,770.02
"1826-06-07",1826,6,7,767.24,767.24,767.02,767.32
"1826-06-08",1826,6,8,766.64,765.74,764.99,762.89
"1826-06-09",1826,6,9,760.64,760.86,760.41,760.86
"1826-06-10",1826,6,10,761.39,761.01,761.31,762.06
"1826-06-11",1826,6,11,764.01,763.94,764.01,765.74
"1826-06-12",1826,6,12,767.99,768.97,768.37,769.04
"1826-06-13",1826,6,13,769.87,769.27,768.59,768.14
"1826-06-14",1826,6,14,769.49,769.12,768.37,769.72
"1826-06-15",1826,6,15,770.02,768.74,767.69,769.64
"1826-06-16",1826,6,16,768.14,769.04,769.42,771.67
"1826-06-17",1826,6,17,772.57,773.09,772.34,772.72
"1826-06-18",1826,6,18,770.47,770.09,769.79,770.24
"1826-06-19",1826,6,19,771.14,771.22,770.62,772.04
"1826-06-20",1826,6,20,773.02,772.64,771.59,771.67
"1826-06-21",1826,6,21,771.22,770.47,769.64,769.79
"1826-06-22",1826,6,22,769.94,769.34,768.44,768.89
"1826-06-23",1826,6,23,769.64,769.34,768.74,770.54
"1826-06-24",1826,6,24,770.47,770.09,768.97,769.19
"1826-06-25",1826,6,25,769.79,769.42,768.44,768.07
"1826-06-26",1826,6,26,767.39,766.64,765.74,764.92
"1826-06-28",1826,6,28,765.07,765.67,765.59,767.54
"1826-06-29",1826,6,29,769.12,768.52,767.84,768.07
"1826-06-30",1826,6,30,767.99,767.02,766.19,766.49
"1826-07-01",1826,7,1,765.67,766.49,766.49,768.07
"1826-07-02",1826,7,2,769.57,769.19,768.37,769.49
"1826-07-03",1826,7,3,768.89,767.84,766.72,766.04
"1826-07-04",1826,7,4,763.94,763.19,761.76,761.16
"1826-07-05",1826,7,5,762.06,761.46,761.99,761.54
"1826-07-06",1826,7,6,762.21,760.79,760.41,760.56
"1826-07-07",1826,7,7,760.94,760.34,759.06,758.31
"1826-07-08",1826,7,8,757.26,756.81,755.84,756.21
"1826-07-09",1826,7,9,757.11,757.19,756.36,756.81
"1826-07-10",1826,7,10,760.41,760.71,761.01,761.46
"1826-07-11",1826,7,11,762.21,763.19,762.59,763.56
"1826-07-12",1826,7,12,764.31,763.49,762.74,761.99
"1826-07-13",1826,7,13,760.04,758.46,756.74,756.44
"1826-07-14",1826,7,14,760.11,760.26,759.74,761.91
"1826-07-15",1826,7,15,763.26,763.19,763.34,763.49
"1826-07-16",1826,7,16,763.56,763.86,762.66,761.99
"1826-07-17",1826,7,17,763.41,763.49,763.41,764.24
"1826-07-18",1826,7,18,764.31,763.64,762.81,763.34
"1826-07-19",1826,7,19,764.09,764.09,763.64,765.14
"1826-07-20",1826,7,20,765.82,765.37,764.46,763.19
"1826-07-21",1826,7,21,758.69,758.16,757.71,756.96
"1826-07-22",1826,7,22,757.26,757.11,757.19,758.99
"1826-07-23",1826,7,23,760.79,760.64,760.64,761.99
"1826-07-24",1826,7,24,762.36,762.29,761.69,762.44
"1826-07-25",1826,7,25,764.09,763.71,763.34,765.37
"1826-07-26",1826,7,26,767.32,767.17,767.09,767.92
"1826-07-27",1826,7,27,769.42,768.97,768.07,768.14
"1826-07-28",1826,7,28,766.72,765.82,765.22,765.07
"1826-07-29",1826,7,29,765.89,765.29,764.31,764.61
"1826-07-30",1826,7,30,765.14,765.07,764.46,764.39
"1826-07-31",1826,7,31,763.86,763.26,762.29,762.29
"1826-08-01",1826,8,1,762.89,762.59,761.46,760.86
"1826-08-02",1826,8,2,760.71,760.19,759.51,759.44
"1826-08-03",1826,8,3,760.34,760.49,760.71,761.16
"1826-08-04",1826,8,4,760.79,760.64,760.49,760.94
"1826-08-05",1826,8,5,762.14,761.76,761.31,762.51
"1826-08-06",1826,8,6,765.07,765.59,765.22,767.62
"1826-08-07",1826,8,7,769.27,768.67,768.29,768.29
"1826-08-08",1826,8,8,767.77,766.79,765.67,764.69
"1826-08-09",1826,8,9,763.26,762.81,761.99,760.94
"1826-08-10",1826,8,10,758.91,758.39,758.39,759.66
"1826-08-11",1826,8,11,762.74,762.89,761.99,762.96
"1826-08-12",1826,8,12,764.84,765.29,765.89,767.92
"1826-08-13",1826,8,13,769.49,768.07,766.64,764.92
"1826-08-14",1826,8,14,763.19,762.89,762.44,765.37
"1826-08-15",1826,8,15,767.47,766.64,765.89,765.52
"1826-08-16",1826,8,16,764.92,764.46,763.71,763.94
"1826-08-17",1826,8,17,767.84,768.37,768.44,770.92
"1826-08-18",1826,8,18,773.02,772.34,771.74,771.44
"1826-08-20",1826,8,20,764.39,763.34,762.14,761.31
"1826-08-21",1826,8,21,761.16,761.01,761.16,761.84
"1826-08-22",1826,8,22,762.74,762.21,762.36,763.41
"1826-08-23",1826,8,23,762.44,760.79,759.14,758.46
"1826-08-24",1826,8,24,759.21,759.29,758.61,760.19
"1826-08-25",1826,8,25,758.61,757.56,755.76,755.61
"1826-08-26",1826,8,26,760.56,760.64,760.34,761.46
"1826-08-27",1826,8,27,764.16,764.54,764.54,765.59
"1826-08-28",1826,8,28,765.59,764.99,764.01,763.94
"1826-08-29",1826,8,29,763.19,761.99,760.56,759.89
"1826-08-30",1826,8,30,757.56,756.44,755.61,758.84
"1826-08-31",1826,8,31,760.64,759.81,759.89,759.21
"1826-09-01",1826,9,1,758.16,758.69,756.51,755.84
"1826-09-02",1826,9,2,754.79,755.54,755.69,757.64
"1826-09-03",1826,9,3,759.96,760.19,760.34,761.16
"1826-09-04",1826,9,4,762.36,761.39,760.71,760.94
"1826-09-05",1826,9,5,761.99,761.61,760.94,761.39
"1826-09-06",1826,9,6,756.06,753.59,749.99,751.64
"1826-09-07",1826,9,7,749.16,750.14,751.79,756.96
"1826-09-08",1826,9,8,760.86,760.11,759.89,759.96
"1826-09-09",1826,9,9,760.11,758.99,758.69,763.04
"1826-09-10",1826,9,10,767.24,767.47,767.32,768.59
"1826-09-11",1826,9,11,769.34,769.42,768.82,769.87
"1826-09-12",1826,9,12,770.09,769.64,768.44,768.29
"1826-09-13",1826,9,13,767.09,766.04,764.77,764.16
"1826-09-14",1826,9,14,763.49,762.89,762.06,763.41
"1826-09-15",1826,9,15,766.79,767.02,767.24,768.59
"1826-09-16",1826,9,16,768.82,767.92,766.49,766.57
"1826-09-17",1826,9,17,763.49,762.14,760.64,760.19
"1826-09-18",1826,9,18,757.34,757.41,757.04,759.36
"1826-09-19",1826,9,19,761.76,761.39,759.74,758.76
"1826-09-20",1826,9,20,755.46,755.99,755.91,757.86
"1826-09-21",1826,9,21,761.24,761.39,761.39,763.26
"1826-09-22",1826,9,22,765.29,765.07,764.77,765.74
"1826-09-23",1826,9,23,765.52,764.39,763.19,762.44
"1826-09-24",1826,9,24,758.54,757.49,756.59,756.89
"1826-09-25",1826,9,25,757.71,757.41,756.89,759.14
"1826-09-26",1826,9,26,762.06,762.59,762.66,763.64
"1826-09-27",1826,9,27,764.31,764.69,764.92,766.57
"1826-09-28",1826,9,28,768.44,768.67,768.29,768.82
"1826-09-29",1826,9,29,767.99,767.02,765.82,764.24
"1826-09-30",1826,9,30,761.31,761.01,760.49,760.26
"1826-10-01",1826,10,1,759.96,760.11,760.19,761.84
"1826-10-02",1826,10,2,763.04,762.21,761.69,762.29
"1826-10-03",1826,10,3,762.29,762.44,761.61,761.99
"1826-10-04",1826,10,4,759.59,758.69,757.26,757.19
"1826-10-05",1826,10,5,757.41,758.46,758.84,761.16
"1826-10-06",1826,10,6,765.74,765.97,766.27,768.07
"1826-10-07",1826,10,7,768.37,767.84,767.32,768.14
"1826-10-08",1826,10,8,767.69,766.57,765.37,763.79
"1826-10-09",1826,10,9,762.06,761.69,760.79,761.84
"1826-10-10",1826,10,10,762.36,760.94,759.36,762.06
"1826-10-11",1826,10,11,767.92,767.99,768.22,769.49
"1826-10-12",1826,10,12,770.17,770.02,769.19,769.64
"1826-10-13",1826,10,13,769.34,769.04,768.37,769.12
"1826-10-14",1826,10,14,769.12,768.22,767.17,766.19
"1826-10-15",1826,10,15,763.04,761.69,759.81,758.76
"1826-10-16",1826,10,16,758.09,757.04,756.51,760.49
"1826-10-17",1826,10,17,764.16,763.64,762.74,762.51
"1826-10-18",1826,10,18,762.36,762.36,761.99,762.29
"1826-10-19",1826,10,19,763.19,763.49,762.14,762.29
"1826-10-20",1826,10,20,762.36,762.51,762.21,763.26
"1826-10-21",1826,10,21,764.77,764.39,764.01,764.54
"1826-10-22",1826,10,22,764.16,763.34,762.29,762.66
"1826-10-23",1826,10,23,763.26,762.74,762.51,762.96
"1826-10-24",1826,10,24,761.69,762.89,763.11,763.04
"1826-10-25",1826,10,25,756.36,755.24,752.46,753.59
"1826-10-26",1826,10,26,752.46,750.59,750.89,753.44
"1826-10-27",1826,10,27,758.39,758.01,756.96,759.66
"1826-10-28",1826,10,28,767.84,768.44,768.82,770.09
"1826-10-29",1826,10,29,770.54,769.64,768.44,768.14
"1826-10-30",1826,10,30,767.24,767.24,767.24,767.02
"1826-10-31",1826,10,31,765.44,765.59,765.44,765.52
"1826-11-01",1826,11,1,761.39,759.06,755.99,751.49
"1826-11-02",1826,11,2,753.59,754.26,754.86,756.44
"1826-11-03",1826,11,3,754.86,753.06,751.56,752.39
"1826-11-04",1826,11,4,756.59,756.06,756.29,757.49
"1826-11-05",1826,11,5,760.26,759.74,758.76,758.54
"1826-11-06",1826,11,6,759.21,758.69,758.01,757.19
"1826-11-07",1826,11,7,761.16,761.16,761.76,764.54
"1826-11-08",1826,11,8,766.19,766.04,765.74,766.12
"1826-11-09",1826,11,9,766.12,766.12,765.97,768.37
"1826-11-10",1826,11,10,768.89,768.22,766.19,762.29
"1826-11-11",1826,11,11,761.69,761.24,760.94,760.41
"1826-11-12",1826,11,12,759.29,758.01,756.36,754.04
"1826-11-13",1826,11,13,755.09,753.89,751.26,NA
"1826-11-14",1826,11,14,743.46,744.06,743.61,745.41
"1826-11-15",1826,11,15,754.19,755.09,756.21,759.89
"1826-11-16",1826,11,16,765.44,765.89,765.97,766.49
"1826-11-17",1826,11,17,765.89,765.44,764.77,765.07
"1826-11-18",1826,11,18,765.14,764.84,764.69,764.61
"1826-11-19",1826,11,19,765.22,765.07,764.92,766.04
"1826-11-20",1826,11,20,769.42,770.32,770.69,772.27
"1826-11-21",1826,11,21,774.37,774.44,773.54,773.77
"1826-11-22",1826,11,22,772.79,771.97,769.72,767.24
"1826-11-23",1826,11,23,765.37,765.07,763.34,761.61
"1826-11-24",1826,11,24,756.14,755.09,753.74,752.09
"1826-11-25",1826,11,25,748.79,747.89,746.91,747.96
"1826-11-26",1826,11,26,747.36,747.59,747.89,751.11
"1826-11-27",1826,11,27,758.16,759.06,760.26,763.19
"1826-11-28",1826,11,28,765.14,764.69,763.56,761.01
"1826-11-29",1826,11,29,756.96,756.06,755.39,754.86
"1826-11-30",1826,11,30,754.04,753.96,753.66,755.01
"1826-12-01",1826,12,1,756.14,755.24,753.89,NA
"1826-12-03",1826,12,3,754.71,754.79,753.59,751.86
"1826-12-04",1826,12,4,751.04,751.04,751.56,756.51
"1826-12-05",1826,12,5,760.49,759.81,758.84,757.04
"1826-12-06",1826,12,6,756.59,758.54,759.74,761.39
"1826-12-07",1826,12,7,760.79,760.26,759.59,757.19
"1826-12-08",1826,12,8,754.64,754.41,755.16,758.39
"1826-12-09",1826,12,9,763.71,764.01,764.39,764.39
"1826-12-10",1826,12,10,764.92,765.44,765.22,765.52
"1826-12-11",1826,12,11,764.69,764.92,765.74,766.42
"1826-12-12",1826,12,12,763.71,762.21,760.56,758.69
"1826-12-13",1826,12,13,755.91,755.54,755.31,756.06
"1826-12-14",1826,12,14,758.69,758.54,758.16,758.01
"1826-12-15",1826,12,15,754.34,753.66,752.69,752.76
"1826-12-16",1826,12,16,753.66,753.89,754.19,756.14
"1826-12-17",1826,12,17,758.39,758.61,758.69,760.86
"1826-12-18",1826,12,18,763.04,763.04,763.56,764.92
"1826-12-19",1826,12,19,767.02,766.64,766.57,766.19
"1826-12-20",1826,12,20,763.49,761.76,759.96,756.44
"1826-12-21",1826,12,21,753.81,755.69,757.86,763.19
"1826-12-22",1826,12,22,770.77,771.37,771.82,772.57
"1826-12-23",1826,12,23,771.14,770.84,770.54,771.52
"1826-12-24",1826,12,24,771.07,769.87,769.79,770.77
"1826-12-25",1826,12,25,772.42,771.82,772.04,772.49
"1826-12-26",1826,12,26,773.99,773.84,773.99,774.59
"1826-12-27",1826,12,27,776.39,775.64,776.02,776.62
"1826-12-28",1826,12,28,777.14,776.92,776.92,777.59
"1826-12-29",1826,12,29,776.99,775.34,773.84,771.82
"1826-12-30",1826,12,30,770.84,770.54,769.79,770.17
"1826-12-31",1826,12,31,771.89,771.22,770.69,769.79
